0917,Ateneo de Manila University,,,13.294700,123.793297
4212,Calaca,,,13.931100,120.814400
6088,Aloguinsan,,,10.219400,123.550003
6541,Ormoc City,,,11.006400,124.607498
1079,Manila CPO-PO Box# 3900 to 3999,,,14.049400,121.510101
1469,Valenzuela P.O. Boxes,,,14.594500,121.066704
5109,Lubang,,,13.857800,120.123299
0924,World Map,,,13.294700,123.793297
1088,Manila CPO-PO Box# 4800 to 4899,,,14.049400,121.510101
1704,Santo Niño,,,17.888300,121.571404
3331,Benito Soliven,,,16.983299,121.949997
6043,Tuburan,,,6.643900,122.273598
2312,Pura,,,15.624700,120.650299
2444,San Quintin,,,17.700001,120.433296
2721,Quirino,,,17.155600,120.669998
5015,San Dionisio,,,11.270000,123.093597
6108,Himamaylan City,,,10.429700,122.841400
8002,Digos City,,,6.721200,125.358597
8608,Santiago,,,10.446600,124.662003
1601,San Joaquin,,,15.094400,120.767799
1717,Manila Memorial Park,,,14.499800,121.042198
4309,Macalelon,,,13.746900,122.138603
6326,Bien Unido,,,10.140300,124.376900
6411,Laoang,,,12.566700,125.000000
6504,Tabontabon,,,11.040800,124.961098
1104,Nayon Kaunlaran,,,13.732700,121.558403
1260,Makati CPO-PO Box# 2000 to 2099,,,14.253000,121.637398
4011,Victoria,,,14.226900,121.327499
1123,Novaliches Proper,,,14.717800,121.036697
1308,Bay City,,,13.950800,121.157898
5032,Mina,,,10.932500,122.578300
7116,Tampilisan,,,8.016700,122.683296
9304,Tubaran,,,7.724200,124.191101
1061,Manila CPO-PO Box# 2100 to 2199,,,14.049400,121.510101
1102,Amihan,,,14.627400,121.067497
2435,Pozorrubio,,,16.113300,120.542801
2733,Sinait,,,17.866400,120.458298
3520,Calayan,,,19.264200,121.479698
3711,Bagabag,,,16.500000,121.183296
0870,Veterans Hospital,,,14.656700,121.040001
4027,Calamba City,,,14.376900,121.263702
6324,Trinidad,,,10.553800,123.801399
6606,Sogod,,,12.380000,122.683601
7002,Roseller T. Lim,,,8.551300,122.972000
6100,Bacolod City,,,10.666700,122.949997
6127,San Carlos City,,,10.486900,123.420303
9014,Gingoog City,,,8.827800,125.099701
8318,Carrascal,,,9.370300,125.949203
2304,Mayantoc,,,15.619400,120.378098
4020,Mabitac,,,14.427500,121.426697
4311,Catanauan,,,13.591900,122.323097
4506,Polangui,,,13.294400,123.487198
7114,Salug,,,8.114700,122.783302
8006,Hagonoy,,,6.721200,125.358597
1420,Kaybiga/Deparo,,,14.594500,121.066704
1634,Nichols - McKinley,,,14.591600,121.014702
1805,Malanday,,,14.646400,121.094704
3313,Jones,,,16.557800,121.706703
6410,Biri,,,12.683300,124.363602
3014,Pandi,,,14.865000,120.957199
5615,Batan,,,11.585300,122.496399
4427,Siruma,,,14.000000,123.250000
5717,Anini-y,,,10.438600,121.919701
9019,Laguindingan,,,8.583300,124.466698
2103,Limay,,,14.561900,120.598297
5044,Buenavista,,,8.976900,125.408897
6109,Ilog,,,10.033300,122.766701
6129,Murcia,,,10.605800,123.038902
6532,Matag-ob,,,11.179800,123.776802
7121,Siraway,,,7.585300,122.139702
7212,Sapang Dalaga,,,8.543100,123.568298
9809,Palimbang,,,6.210600,124.189400
1219,Forbes Park North,,,14.550400,121.060204
1607,Maybunga,,,11.150800,122.125298
2428,Urdaneta,,,15.976100,120.571098
2508,Pugo,,,16.322500,120.470802
4124,General Emilio Aguinaldo,,,14.184200,120.795799
4511,Tabaco City,,,13.360400,123.474701
8009,Sulop,,,6.598600,125.343597
0560,Far East Broadcasting Corporation,,,14.689400,120.980003
1251,Makati CPO-PO Box# 1100 to 1199,,,14.253000,121.637398
1405,First Avenue to Seventh Avenue West,,,13.802500,121.486702
2905,Pinili,,,17.954201,120.527199
4229,Lobo,,,13.645800,121.209999
6002,Liloan,,,10.400000,123.983299
1074,Manila CPO-PO Box# 3400 to 3499,,,14.049400,121.510101
2015,San Simon,,,14.993100,120.776703
4217,Lipa City,,,13.939400,121.173897
7115,Liloy,,,8.114400,122.659401
7416,Kalingalan Kalauang,,,6.821300,120.345596
2010,Mabalacat,,,15.223300,120.579201
6115,Talisay City,,,10.244700,123.849403
6214,Guihulngan,,,10.120300,123.271103
5501,San Agustin,,,13.278600,121.303101
6707,San Jorge,,,11.980800,124.823898
1447,East Canumay - Lawang Bato Punturin,,,14.363700,121.241402
2407,Bani,,,15.664700,120.640602
3317,San Manuel (Callang),,,17.022499,121.635300
4032,Luisiana,,,14.183600,121.511703
4407,Libmanan,,,13.696100,123.059196
4806,Panganiban,,,13.908600,124.299400
6502,Tanuan,,,10.517000,124.638298
6521,Baybay,,,10.676900,124.799202
1683,Pasig Ortigas CTR-PO Box# 4300 to 4399,,,14.593400,121.028099
1743,Cut-cut,,,14.896100,121.476097
4125,Corregidor Island,,,14.150400,120.873100
4413,Milaor,,,13.596700,123.180801
5606,Malinao,,,14.000000,121.833298
6344,Danao,,,10.520800,124.027199
9417,Arakan,,,8.089600,124.561897
2411,Dasol,,,15.981100,119.879402
3801,Balbalan,,,17.441401,121.201897
8119,Island Garden City of Samal,,,7.440500,125.887901
8107,Montevista,,,7.693300,125.988899
8108,Mawab,,,7.508100,125.916901
1055,Manila CPO-PO Box# 1500 to 1599,,,14.049400,121.510101
1275,Makati CPO-PO Box# 3500 to 3599,,,14.253000,121.637398
3607,Hingyon,,,16.833300,121.116699
4332,Quezon,,,15.551100,120.815598
5013,Concepcion,,,15.325300,120.656898
5042,Lambunao,,,11.055000,122.475601
1278,Makati CPO-PO Box# 3800 to 3899,,,14.253000,121.637398
2608,Mankayan,,,16.864201,120.782204
2816,Daguioman,,,17.451401,120.915604
2900,Laoag City,,,18.198900,120.593597
6323,San Miguel,,,9.988100,124.338898
1268,Makati CPO-PO Box# 2800 to 2899,,,14.253000,121.637398
1400,Caloocan City Central Post Office,,,13.802500,121.486702
6525,Bato,,,13.355600,123.363602
1141,Broadway Center P.O. Boxes,,,14.681100,121.121597
1662,Pasig Ortigas CTR-PO Box# 2200 to 2299,,,14.593400,121.028099
2723,Lidlidda,,,17.271900,120.521896
3902,Ivana,,,20.370600,121.914398
7211,Baliangao,,,8.661700,123.600502
2915,Vintar,,,18.230301,120.642502
5505,Odiongan,,,12.401700,121.991898
6205,Pamplona,,,9.471100,123.114998
7109,Katipunan,,,8.512800,123.286102
2616,Bontoc,,,17.087200,120.975601
3513,Gonzaga,,,18.266701,122.000000
3524,Lasam,,,18.066900,121.599701
1354,Pasay City CPO - P.O. Box Nos. 1400 to 1499,,,13.950800,121.157898
1663,Pasig Ortigas CTR-PO Box# 2300 to 2399,,,14.593400,121.028099
3400,Cabarroguis,,,16.583300,121.500000
4605,Paracale,,,14.277200,122.784698
5003,Leganes,,,10.787200,122.589203
2907,Marcos,,,18.053301,120.687500
3402,Saguday,,,16.518900,121.608101
1107,Pasong Tamo,,,14.680900,121.067299
6342,Balilihan,,,9.756700,123.973297
7503,Sapa-Sapa,,,5.032500,120.225304
7509,Languyan,,,5.266100,120.077797
1155,Quezon City CPO - P.O. Box Nos. 1500 to 1599,,,14.681100,121.121597
1673,Pasig Ortigas CTR-PO Box# 3300 to 3399,,,14.593400,121.028099
4901,Mogpog,,,13.474400,121.861397
6121,Cadiz City,,,10.958300,123.308601
0907,San Miguel Corporation,,,13.294700,123.793297
0919,Manila Police District,,,13.294700,123.793297
1427,Tala Leprosarium and Victory Heights,,,14.594500,121.066704
4009,Santa Cruz,,,14.278600,121.415604
1050,Manila CPO-PO Box# 1000 to 1099,,,14.049400,121.510101
1294,Makati CPO-PO Box# 5400 to 5499,,,14.253000,121.637398
2437,Laoac,,,16.049999,120.533302
5414,Aroroy,,,12.511100,123.397797
8413,Basilisa (Rizal),,,9.544300,125.811897
9506,Koronadal City,,,6.321100,125.057098
1078,Manila CPO-PO Box# 3800 to 3899,,,14.049400,121.510101
2613,Kapangan,,,16.586399,120.603302
3113,Quezon,,,15.551100,120.815598
6051,Tudela,,,8.246900,123.845001
6709,Santa Margarita,,,12.037800,124.657799
7305,Sumisip,,,6.419700,121.971397
1151,Quezon City CPO - P.O. Box Nos. 1100 to 1199,,,14.681100,121.121597
4335,Real,,,15.810000,120.347801
6517,Alangalang,,,11.206100,124.846703
7007,Imelda,,,14.033300,122.883301
9600,Cotabato City,,,7.223600,124.246399
6102,Pulupandan,,,10.521100,122.796898
6222,Basay,,,9.411900,122.641098
6418,Catubig,,,12.409200,125.054199
1154,Quezon City CPO - P.O. Box Nos. 1400 to 1499,,,14.681100,121.121597
1208,"Valenzuela (includes Rizal, San Miguel, and Santiago Villages)",,,14.459500,121.157501
1261,Makati CPO-PO Box# 2100 to 2199,,,14.253000,121.637398
6035,Dumanjug,,,10.058300,123.433098
6549,Biliran,,,11.466700,124.475304
6546,Maripipi,,,11.779200,124.349197
1040,Santa Cruz P.O. Box,,,10.900000,122.716698
5800,Roxas City,,,11.585300,122.751099
5816,Sigma,,,11.416700,122.666901
9412,Pigkawayan,,,7.277200,124.425598
1442,Fortune Village,,,14.707800,120.986099
2620,Tadian,,,16.993900,120.821404
5404,Palanas,,,12.145000,123.921097
6003,Compostela,,,7.673100,126.088898
6230,Enrique Villanueva,,,9.277200,123.647202
6321,Pilar,,,10.553800,123.801399
3004,Plaridel,,,14.887200,120.857201
1276,Makati CPO-PO Box# 3600 to 3699,,,14.253000,121.637398
1656,Pasig Ortigas CTR-PO Box# 1600 to 1699,,,14.593400,121.028099
2212,Candelaria,,,13.931100,121.423302
4430,Bula,,,13.471700,123.281700
5019,Carles,,,11.572800,123.135803
2712,Santa Lucia,,,15.500000,120.783302
5609,Buruanga,,,11.841900,121.888901
8503,Sibagat,,,8.822500,125.697502
8507,Loreto,,,8.186900,125.853104
2012,Arayat,,,15.150800,120.773102
2303,Santa Ignacia,,,15.617800,120.435600
2417,Binmaley,,,16.032499,120.271103
2201,Iba,,,15.323600,119.980301
8201,Tarragona,,,7.044700,126.448097
4219,Balete,,,14.018600,121.098297
4233,Malvar,,,14.044700,121.158600
0900,Manila Bulletin,,,13.294700,123.793297
0926,Caltex,,,13.294700,123.793297
1056,Manila CPO-PO Box# 1600 to 1699,,,14.049400,121.510101
1201,Fort Bonifacio,,,14.527200,121.042198
1296,Makati CPO-PO Box# 5600 to 5699,,,14.253000,121.637398
1299,Makati CPO-PO Box# 5900 to 5999,,,14.253000,121.637398
5500,Romblon,,,12.576100,122.271103
6616,St. Bernard,,,10.283300,125.183296
1174,Quezon City CPO - P.O. Box Nos. 3400 to 3499,,,14.681100,121.121597
3131,Gabaldon,,,15.454200,121.337196
5103,Rizal,,,15.708600,121.103302
1117,Santa Lucia,,,15.500000,120.783302
2222,Subic Bay Freeport Zone,,,14.812600,120.692200
6208,Manjuyod,,,9.680300,123.147202
1950,Cardona,,,14.486400,121.229401
4119,Amadeo,,,14.170600,120.923599
4403,Magarao,,,13.660000,123.183296
9413,Alamada,,,7.333300,124.566704
9507,Tampakan,,,6.444200,124.926399
2610,Bakun,,,16.792200,120.665298
2614,Sablan,,,16.493900,120.495300
3010,San Ildefonso,,,15.078900,120.941902
7043,Tigbao,,,12.554700,123.338303
3508,Gattaran,,,18.063101,121.643898
4003,Rizal,,,15.708600,121.103302
4326,Dolores,,,15.095300,120.528900
4516,Pio Duran (Malacbalac),,,13.360400,123.474701
7412,Siasi,,,5.544400,120.816101
1672,Pasig Ortigas CTR-PO Box# 3200 to 3299,,,14.593400,121.028099
1713,United Parañaque Subdivision,,,14.499800,121.042198
3603,Hungduan,,,16.834200,121.003601
6211,Tayasan,,,9.924200,123.170601
6403,Lope de Vega,,,12.296900,124.622498
8411,Cagdianao,,,9.921100,125.669197
1550,Mandaluyong Central Post Office,,,14.586500,121.037102
1630,"Western Bicutan (including Food Terminal, Inc.",,,14.591600,121.014702
1651,Pasig Ortigas CTR-PO Box# 1100 to 1199,,,14.593400,121.028099
2804,Peñarrubia,,,17.565001,120.652199
4200,Batangas City,,,13.759400,121.059998
1200,Makati Central Post Office,,,14.459500,121.157501
1302,San Rafael,,,14.866900,120.538101
0902,Far East Broadcasting Corporation,,,13.294700,123.793297
1221,Dasmariñas Village North,,,14.253000,121.637398
1250,Makati CPO-PO Box# 1000 to 1099,,,14.253000,121.637398
2901,San Nicolas,,,18.172501,120.595802
6419,San Vicente,,,12.893900,123.993202
4712,Barcelona,,,13.773100,123.046898
5814,Tapaz,,,11.265300,122.533302
1502,Greenhills Post Office,,,14.586500,121.037102
1752,Soldiers Hills Subdivision,,,14.483300,120.983299
3807,Conner,,,17.796400,121.327499
6015,Lapu-Lapu City,,,10.310300,123.949402
6540,Merida,,,10.910600,124.536400
2302,Gerona,,,15.606400,120.599998
2713,Santa Cruz,,,14.278600,121.415604
5100,San Jose,,,11.180800,122.912498
7033,Pitogo,,,10.120800,124.554398
0904,Midland Hotel,,,13.294700,123.793297
1211,Guadalupe Viejo (includes Palm Village),,,14.550400,121.060204
1696,Pasig Ortigas CTR-PO Box# 5600 to 5699,,,14.593400,121.028099
5811,Cuartero,,,11.344400,122.667503
6725,Zumarraga,,,11.636900,124.845001
8722,Lantapan,,,7.997800,125.027802
1301,Domestic Airport P.O.,,,13.950800,121.157898
5311,Araceli,,,10.556100,119.992798
5805,Ivisan,,,11.521700,122.690804
6026,Santander,,,9.416700,123.342201
7405,Pata,,,6.168400,121.585899
7410,Tapul,,,9.933300,118.783302
1116,Tandang Sora,,,14.678500,121.042397
1009,Santa Ana,,,15.094400,120.767799
3101,Santa Rosa,,,14.312200,121.111397
6400,Catarman,,,12.496100,124.638603
6405,Allen,,,12.500600,124.286697
1008,Sampaloc,,,14.557800,121.346100
1960,Morong,,,14.678900,120.266098
3525,Santo Niño,,,17.888300,121.571404
8013,Don Marcelino,,,6.264200,125.665802
9407,Kabacan,,,7.106700,124.829201
0913,Manila Hotel,,,13.294700,123.793297
3005,Pulilan,,,14.901700,120.849197
3202,Maria Aurora,,,15.795600,121.476700
3810,Flora,,,18.233299,121.416702
6408,Capul,,,12.422800,124.180603
7029,San Miguel,,,9.988100,124.338898
7035,Margosatubig,,,7.576700,123.166901
1653,Pasig Ortigas CTR-PO Box# 1300 to 1399,,,14.593400,121.028099
2208,Castillejos,,,14.930300,120.202202
4503,Guinobatan,,,12.469400,123.403099
4707,Irosin,,,12.701400,124.038597
5017,Estancia,,,11.450300,123.152496
5616,Altavas,,,11.536900,122.486397
2423,Bayambang,,,15.810600,120.454697
2707,Santiago,,,16.688101,121.548698
3800,Tabuk City,,,17.535101,121.285797
7120,Siocon,,,7.706100,122.135300
9007,Salay,,,8.859200,124.789200
9615,Buldon,,,7.509700,124.371399
0906,Manila Medical Center,,,13.294700,123.793297
1552,Shaw Boulevard,,,14.586500,121.037102
6413,Pambujan,,,12.564200,124.929398
9024,Manticao,,,8.401100,124.285797
1631,Bicutan,,,14.499600,121.050697
3200,Baler,,,15.759400,121.560799
3305,Cauayan City,,,16.911699,121.782600
6104,San Enrique,,,10.416700,122.849998
2803,Tayum,,,17.619200,120.654404
8701,Sumilao,,,8.290600,124.947197
6548,Caibiran,,,11.571700,124.582199
6708,Matuguinao,,,12.146900,124.884399
0820,Bureau of Internal Revenue,,,14.642700,121.042999
1122,Fairview [South],,,14.697000,121.056999
1152,Quezon City CPO - P.O. Box Nos. 1200 to 1299,,,14.681100,121.121597
1426,Bankers Village,,,14.594500,121.066704
3517,Abulug,,,18.445299,121.453300
5514,Corcuera,,,12.785800,122.046700
1087,Manila CPO-PO Box# 4700 to 4799,,,14.049400,121.510101
1229,Legaspi Village,,,14.253000,121.637398
2003,Guagua,,,14.968600,120.635597
3706,Dupax del Norte,,,16.286400,121.094200
3712,Diadi,,,16.663601,121.368103
6125,Toboso,,,10.717800,123.518303
8708,Talakag,,,8.233100,124.604698
1085,Manila CPO-PO Box# 4500 to 4599,,,14.049400,121.510101
3123,Carranglan,,,15.960600,121.063904
3606,Aguinaldo,,,16.812599,121.088799
5408,Placer,,,11.866700,123.918098
1271,Makati CPO-PO Box# 3100 to 3199,,,14.253000,121.637398
1741,Greymarville Subdivision,,,14.896100,121.476097
4210,San Luis,,,8.489400,125.724998
4601,Mercedes,,,14.110600,123.012497
1440,Valenzuela Central Post Office - Malinta,,,14.363700,121.241402
3206,Dinalungan,,,15.343500,122.031502
3322,Burgos,,,15.733300,120.583298
6602,Padre Burgos,,,13.920300,121.814400
5107,Paluan,,,13.418100,120.467201
5712,Pandan,,,14.046100,124.169998
1689,Pasig Ortigas CTR-PO Box# 4900 to 4999,,,14.593400,121.028099
6313,Mabini,,,10.712200,123.486504
6508,La Paz,,,10.517000,124.638298
2443,Umingan,,,15.927800,120.842499
3507,Alcala,,,17.905300,121.654404
6044,Tabuelan,,,10.820000,123.868103
6520,Babatngon,,,11.423300,124.846100
6543,Naval,,,11.560600,124.397499
7413,Marungas,,,6.103900,120.962799
2301,San Jose,,,11.180800,122.912498
6716,Pinabacdao,,,11.610000,124.985603
1072,Manila CPO-PO Box# 3200 to 3299,,,14.049400,121.510101
2910,Solsona,,,18.093300,120.769699
5418,Monreal,,,12.643100,123.674698
6804,Hernani,,,11.325800,125.619400
9302,Balabagan,,,7.526400,124.114197
1176,Quezon City CPO - P.O. Box Nos. 3600 to 3699,,,14.681100,121.121597
2501,Bauang,,,16.530800,120.333099
4426,Tinambac,,,13.817500,123.325302
6005,Carmen,,,10.811100,123.892799
6711,Santo Niño,,,11.734600,124.798798
4612,Tulay-na-Lupa,,,14.091900,122.791100
9515,Maitum,,,6.039200,124.498596
9016,Opol,,,8.520000,124.570297
1058,Manila CPO-PO Box# 1800 to 1899,,,14.049400,121.510101
1069,Manila CPO-PO Box# 2900 to 2999,,,14.049400,121.510101
1147,Novaliches P.O. Boxes,,,14.681100,121.121597
1470,Tinajeros,,,15.100000,120.566704
1531,Greenhills P.O. Box Nos. 1100 to 1199,,,14.586500,121.037102
2202,Botolan,,,15.288600,120.024399
2004,Sasmuan (Sexmoan),,,14.938600,120.616096
4410,Ragay,,,13.820000,122.790802
5511,Magdiwang,,,12.490300,122.512497
1379,Domestic Airport P.O. - P.O. Box Nos. 1400 to 1499,,,13.950800,121.157898
2014,San Luis,,,15.043000,120.722702
4216,Lian,,,14.036400,120.651100
6001,Consolacion,,,10.379400,123.956398
8117,Pantukan,,,7.135300,125.889702
9503,Malungon,,,6.522500,125.353600
7040,Alicia,,,7.513900,122.930000
1799,Ayala Alabang P.O. Boxes,,,14.896100,121.476097
6808,Mercedes,,,14.110600,123.012497
1265,Makati CPO-PO Box# 2500 to 2599,,,14.253000,121.637398
2418,Calasiao,,,16.009399,120.363297
3601,Banaue,,,16.918600,121.059196
1212,Guadalupe Nuevo (includes Visayan Village),,,14.550400,121.060204
4308,Pitogo,,,10.120800,124.554398
4802,San Miguel,,,9.988100,124.338898
5804,Pilar,,,14.660000,120.565300
9618,Gen. S.K. Pendatun,,,7.264700,124.234200
4329,Sampaloc,,,14.557800,121.346100
1777,Pleasant Village,,,14.441800,121.051003
9504,Polomolok,,,6.221900,125.060303
3702,Bambang,,,14.133300,121.416702
1807,Concepcion tarlac,,,15.325300,120.656898
1870,Antipolo City,,,13.611100,121.585602
2822,Tineg,,,17.764999,120.928902
7200,Ozamis City,,,8.145800,123.844398
9006,Lagonglong,,,8.807200,124.790298
1100,Project 6,,,14.659100,121.039497
2101,Pilar,,,14.660000,120.565300
2706,San Esteban,,,17.326401,120.447197
2728,San Ildefonso,,,15.078900,120.941902
6724,Almagro,,,11.914400,124.286697
8417,Dapa,,,9.759400,126.053101
1230,Pio del Pilar,,,12.533300,125.116699
1745,Gatchalian Subdivision,,,14.896100,121.476097
2625,Paracelis,,,17.266701,121.466698
4808,Caramoran,,,13.985300,124.133598
6204,Tanjay City,,,9.780400,123.218399
6700,Catbalogan,,,11.775300,124.886101
6334,Jetafe,,,10.147200,124.153900
8012,Malita,,,6.414700,125.614197
8607,Jabonga,,,9.343100,125.515602
9404,Magpet,,,7.111900,125.113297
0880,Commission on Audit,,,14.689700,121.088402
2714,Tagudin,,,16.083300,119.949997
3130,Fort Magsaysay,,,15.043500,121.764198
5613,Ibajay,,,11.820000,122.161102
6317,Bilar,,,9.708900,124.105003
0420,Bible School on the Air,,,14.603300,121.044800
2708,Banayoyo,,,17.233299,120.483299
4001,Alaminos,,,16.156099,119.981102
7501,Panglima Sugala (Balimbing),,,5.082500,119.965797
6421,Palapag,,,12.546700,125.115601
6053,Madridejos,,,9.780800,123.353104
6203,Amlan,,,9.463600,123.226700
7037,Lapuyan,,,7.636400,123.195801
8102,Asuncion,,,7.534200,125.766701
2709,Galimuyod,,,17.184401,120.471901
3608,Alfonso Lista,,,16.812599,121.088799
6719,Talalora,,,11.527500,124.838097
9415,Aleosan,,,8.089600,124.561897
1880,Teresa,,,14.558600,121.208298
2434,Sison,,,16.113800,120.690300
2815,Boliney,,,17.400000,120.800003
3119,Science City of Muñoz,,,15.492600,120.628998
7004,Naga,,,8.551300,122.972000
9023,Naawan,,,8.431100,124.288300
1608,Santa Lucia,,,15.500000,120.783302
2114,Abucay,,,14.722200,120.538300
8116,Maragusan (San Mariano),,,7.440500,125.887901
8504,Rosario,,,8.341900,125.887901
9510,Tantangan,,,6.615000,124.748901
1803,Barangka and Tañong,,,12.565000,122.027496
6118,Enrique Magalona,,,10.875800,122.968597
1691,Pasig Ortigas CTR-PO Box# 5100 to 5199,,,14.593400,121.028099
3308,San Guillermo,,,16.766701,121.800003
3500,Tuguegarao City,,,17.613100,121.726898
1120,Violago Homes,,,14.688100,121.078598
1017,San Andres,,,13.260000,123.779999
1103,Obrero,,,14.627600,121.031502
3100,Cabanatuan City,,,15.486900,120.967499
6515,Dagami,,,11.060800,124.902802
7102,Roxas,,,11.585300,122.751099
7508,Mapun (Cagayan de Sulu),,,6.976700,118.513603
1665,Pasig Ortigas CTR-PO Box# 2500 to 2599,,,14.593400,121.028099
2618,Besao,,,17.097500,120.857201
6018,San Fernando,,,10.566500,123.624298
8111,Monkayo,,,7.815300,126.054398
3115,Guimba,,,15.657500,120.768600
4305,Unisan,,,13.839200,121.978302
5700,San Jose,,,11.180800,122.912498
6037,Naga,,,13.619200,123.181396
1262,Makati CPO-PO Box# 2200 to 2299,,,14.253000,121.637398
7025,Tambulig,,,8.068100,123.536400
2413,Mangatarem,,,15.790300,120.292503
4117,General Mariano Alvarez,,,14.093900,121.243896
4416,Pamplona,,,9.471100,123.114998
2603,"Tuba, including Marcos Highway and Kennon Road",,,16.563101,120.734200
8311,Bislig,,,11.072500,125.033600
8415,Loreto,,,8.186900,125.853104
9012,Talisayan,,,10.950000,124.699997
9207,Kolambogan,,,7.653300,122.471901
8105,Panabo City,,,7.600900,125.925797
0910,Department of Labor and Employment,,,13.294700,123.793297
2623,Barlig,,,17.041100,121.099403
3102,San Leonardo,,,15.359700,120.961403
3523,Allacapan,,,18.250000,121.583298
3604,Kiangan,,,16.777500,121.083298
4402,Canaman,,,13.650000,123.166702
14??,Cefels Park Subdivision,,,14.594500,121.066704
1707,San Antonio Valley 11 &amp; 12,,,15.439000,122.026604
3112,Licab,,,15.547800,120.764198
2520,Sudepen,,,16.204300,120.574097
8412,Dinagat,,,9.956100,125.593300
1297,Makati CPO-PO Box# 5700 to 5799,,,14.253000,121.637398
1820,"Bagong Nayon, Cupang, Mambagat, and Mayamot",,,13.611100,121.585602
9402,M'Lang,,,6.946700,124.878304
9512,Surallah,,,6.366700,124.733299
2415,Aguilar,,,15.888900,120.238602
8704,Malitbog,,,10.160000,124.999199
8718,Kalilangan,,,7.821100,124.731400
9414,Antipas,,,8.089600,124.561897
1423,Lilles Ville Subdivision,,,14.594500,121.066704
2914,Sarrat,,,18.162201,120.647797
3519,Claveria,,,18.607500,121.084999
1144,University of the Philippines P.O. Boxes,,,14.681100,121.121597
1277,Makati CPO-PO Box# 3700 to 3799,,,14.253000,121.637398
5111,Looc,,,14.159700,120.656403
6217,ais City,,,9.191100,123.265602
7034,Tabina,,,7.465000,123.408897
7108,Sergio Osmeña,,,8.166700,123.500000
2002,Santa Rita,,,15.000800,120.611702
3315,Cabatuan,,,16.116699,120.016701
5512,Cajidiocan,,,12.370600,122.686699
5411,Mandaon,,,12.226700,123.283600
1096,Manila CPO-PO Box# 5600 to 5699,,,12.266700,122.050003
1234,San Isidro,,,15.050000,120.750000
1290,Makati CPO-PO Box# 5000 to 5099,,,14.253000,121.637398
1621,Santa Ana,,,15.094400,120.767799
6106,Hinigaran City,,,10.429700,122.841400
1086,Manila CPO-PO Box# 4600 to 4699,,,14.049400,121.510101
1473,Tonsuya,,,14.661700,120.956398
6609,Hinundayan,,,10.355600,125.253304
7103,Sibutad,,,8.580800,123.480598
9602,Upi/Datu Blah T. Sinsuat,,,7.064600,124.326599
9603,Ampatuan City,,,6.833300,124.150002
4024,Biñan City,,,14.376900,121.263702
5317,Busuanga,,,12.210800,119.893303
1910,Pililla,,,14.482200,121.305603
3103,Peñaranda,,,15.351900,121.003304
4610,Imelda / San Lorenzo Ruiz,,,14.091900,122.791100
6531,Kananga,,,11.185800,124.559196
3023,San Jose del Monte City,,,14.706900,120.930000
3204,Casiguran,,,12.873600,124.009697
3516,Ballesteros,,,18.406401,121.514999
5711,Caluya,,,11.935800,121.557800
6600,Maasin,,,10.133600,124.844704
7008,Payao,,,10.183300,122.949997
1223,San Lorenzo Village,,,14.253000,121.637398
5607,Nabas,,,11.833300,122.082497
1408,Sangandaan,,,14.673600,121.022903
2823,San Juan,,,17.742201,120.458298
3001,Paombong,,,14.831100,120.789200
5601,Banga,,,6.423900,124.778297
1227,Salcedo Village,,,14.253000,121.637398
7011,Bayog,,,7.684900,123.473297
9704,Tamparan,,,7.879200,124.333099
1263,Makati CPO-PO Box# 2300 to 2399,,,14.253000,121.637398
2205,San Narciso,,,15.015800,120.078903
3900,Basco,,,20.450001,121.969704
4133,Bailen,,,14.184200,120.795799
6420,Las Navas,,,12.340300,125.031898
1121,Fairview [North],,,14.700400,121.081001
1306,San Isidro,,,15.050000,120.750000
2732,Cabugao,,,17.764500,120.446999
4432,Baao,,,13.456400,123.364197
9316,Bacolod Kalawi,,,8.357200,124.085197
6422,Gamay,,,12.387500,125.299400
6615,Libagon,,,10.300800,125.055801
1289,Makati CPO-PO Box# 4900 to 4999,,,14.253000,121.637398
1378,Domestic Airport P.O. - P.O. Box Nos. 1300 to 1399,,,13.950800,121.157898
1441,Karuhatan,,,14.691400,120.968597
1708,Multinational Village,,,15.439000,122.026604
2439,Asingan,,,16.004999,120.668098
6036,Barili,,,10.112200,123.510300
8421,San Isidro,,,15.050000,120.750000
9002,Villanueva,,,8.588900,124.775597
9610,Pagalungan,,,7.056700,124.700798
2812,Pilar,,,14.660000,120.565300
4314,San Andres,,,13.260000,123.779999
4505,Oas,,,13.258900,123.495300
6130,La Carlota City,,,10.423300,122.920799
1633,Upper Bicutan,,,14.499600,121.050697
2703,Santa,,,17.490601,120.437202
4340,Burdeos,,,14.843600,121.969704
5313,El Nido,,,11.185800,119.395599
6019,Carcar City,,,10.566500,123.624298
7300,Isabela City,,,6.706400,121.971397
1690,Pasig Ortigas CTR-PO Box# 5000 to 5099,,,14.593400,121.028099
4708,Matnog,,,12.584400,124.083900
6027,Samboan,,,9.529200,123.305000
2100,Balanga City,,,14.357000,120.662102
6105,Pontevedra,,,10.371700,122.867500
7036,Vincenzo A. Sagun,,,7.911600,123.384903
2109,Morong,,,14.678900,120.266098
2211,Masinloc,,,15.537200,119.951103
4504,Ligao City,,,13.441700,123.139603
5029,Igbaras,,,10.716700,122.264999
6703,Paranas (Wright),,,11.929400,124.831802
2419,Santa Barbara,,,16.006399,120.410301
2510,Burgos,,,15.733300,120.583298
2902,Paoay,,,18.055300,120.516098
3118,Talugtog,,,14.941700,120.192497
4023,San Pedro,,,14.364700,121.055603
7018,Tungawan,,,7.508100,122.371101
1218,Pembo,,,14.538400,121.060600
7001,Ipil,,,7.784400,122.586098
1811,Concepcion 2,,,14.644200,121.121201
3117,Cuyapo,,,15.781900,120.664703
4300,"Provincial Capitol, Lucena City",,,13.537400,122.230904
5306,Bataraza,,,8.661700,117.622200
7124,Kalawit,,,8.066700,122.516701
9709,Kapai,,,8.081900,124.401100
4809,Pandan,,,14.046100,124.169998
2716,Alilem,,,16.888100,120.529198
4123,Alfonso,,,14.140800,120.853897
5108,Abra de Ilog,,,13.450000,120.733299
4313,San Narciso,,,15.015800,120.078903
6814,San Julian,,,11.753600,125.455803
2422,Basista,,,15.855000,120.401901
5020,Oton,,,10.693100,122.473602
5039,San Rafael,,,14.866900,120.538101
7106,Polanco,,,8.531700,123.361702
9511,Banga,,,6.423900,124.778297
9616,Buluan,,,7.716700,122.525299
1636,Bay Breeze Executive Village,,,14.591600,121.014702
2906,Batac City,,,18.055401,120.564903
3133,Santo Domingo,,,14.135000,122.869202
9613,Matanog,,,7.516100,124.256401
1205,Santa Cruz,,,14.278600,121.415604
4710,Gubat,,,12.920600,124.123100
7409,Maimbung,,,5.928100,121.028900
9219,Munai,,,7.975800,124.063599
6803,Llorente,,,11.411900,125.545799
7301,Lantawan,,,6.638100,121.840599
1286,Makati CPO-PO Box# 4600 to 4699,,,14.253000,121.637398
1536,Greenhills P.O. Box Nos. 1600 to 1699,,,14.586500,121.037102
1806,Northern and Western Marikina River,,,12.565000,122.027496
3018,Bocaue,,,14.798300,120.926102
5308,Roxas,,,9.113200,118.127098
6209,Bindoy,,,9.760600,123.142502
1018,Port Area,,,14.583300,120.966698
1173,Quezon City CPO - P.O. Box Nos. 3300 to 3399,,,14.681100,121.121597
2717,Sugpon,,,16.845301,120.516899
9700,Marawi City,,,7.998600,124.292801
3108,San Antonio,,,12.695800,124.130798
5417,San Jacinto,,,16.072500,120.441101
9601,Datu Odin Sinsuat (Dinaig),,,7.064600,124.326599
1014,Santa Cruz,,,14.278600,121.415604
4230,Ibaan,,,13.820000,121.135002
4301,Lucena City,,,13.931400,121.617203
4705,Magallanes,,,12.829200,123.836403
8721,Damulog,,,7.483600,124.943100
0940,Philippine National Bank,,,13.294700,123.793297
5046,Nueva Valencia,,,10.521700,122.526703
5808,Jamindan,,,11.405600,122.508102
7202,Tudela,,,8.246900,123.845001
1620,Aguho,,,14.541000,121.065002
2446,Natividad,,,16.041700,120.800301
2801,Dolores,,,15.095300,120.528900
4810,San Andres,,,13.260000,123.779999
5608,Malay,,,10.688800,122.816101
0912,Bureau of Plant Industry,,,13.294700,123.793297
1115,Masambong,,,14.640900,121.010696
1057,Manila CPO-PO Box# 1700 to 1799,,,14.049400,121.510101
6712,Tagapul-an,,,12.050000,124.150002
2019,Minalin,,,14.966400,120.684998
3504,Iguig,,,17.752800,121.738297
4711,Prieto Diaz,,,13.041700,124.193901
6099,Argao,,,13.550000,121.866699
6107,Binalbagan City,,,10.429700,122.841400
6526,Matalom,,,10.283100,124.787804
9213,Sapad,,,7.426700,124.368103
9712,Taraka,,,7.620400,123.413902
4502,Camalig,,,14.775800,120.995796
5305,Brooke's Point,,,9.113200,118.127098
8312,Lingig,,,8.038900,126.412498
9017,El Salvador,,,9.050300,124.732498
1940,Binangonan,,,14.465600,121.191902
3512,Santa Teresita,,,18.250000,121.883301
4420,Tigaon,,,13.635300,123.494698
6041,Balamban,,,10.506100,123.715302
7207,Oroquieta City,,,8.485800,123.804398
8101,Carmen,,,7.600900,125.925797
8420,Pilar,,,14.660000,120.565300
8714,Maramag,,,7.763300,125.005302
1295,Makati CPO-PO Box# 5500 to 5599,,,14.253000,121.637398
1380,Domestic Airport P.O. - P.O. Box Nos. 1500 to 1599,,,13.950800,121.157898
4307,Gumaca,,,13.919700,122.100304
6718,Santa Rita,,,11.734600,124.798798
6821,San Policarpo,,,12.067500,124.562500
8414,Libjo (Albor),,,9.544300,125.811897
4019,Siniloan,,,14.422500,121.444702
4109,Trece Martires City,,,14.367500,120.952698
4234,Santo Tomas,,,14.109200,121.141899
6045,Talisay City,,,10.244700,123.849403
8404,Sison,,,9.660300,125.528603
9708,Bubong,,,7.193900,124.191902
1259,Makati CPO-PO Box# 1900 to 1999,,,14.253000,121.637398
1293,Makati CPO-PO Box# 5300 to 5399,,,14.253000,121.637398
1773,Tunasan,,,14.379200,121.052498
2710,Candon City,,,16.331301,120.632004
6048,Pilar,,,14.660000,120.565300
7215,Bonifacio,,,8.052500,123.614197
9701,Saguiaran,,,8.033100,124.269997
1114,Maharlika,,,14.503800,121.054604
1175,Quezon City CPO - P.O. Box Nos. 3500 to 3599,,,14.681100,121.121597
1860,Rodriguez,,,14.732500,121.144997
3802,Lubuagan,,,17.356701,121.176697
4431,Iriga City,,,13.425000,123.417801
7111,Jose Dalman (Ponot),,,8.456400,123.026703
1202,Fort Bonifacio Naval Station,,,14.459500,121.157501
2619,Sagada,,,17.086399,120.906700
3126,Llanera,,,15.665300,121.018898
5420,San Pascual,,,16.340300,120.421097
7302,Lamitan City,,,6.588600,122.018898
9021,Libertad,,,8.944200,125.501900
6308,Jagna,,,9.651400,124.367203
8427,San Jose,,,11.180800,122.912498
5707,Tibiao,,,11.288300,122.035301
6223,Canlaon City,,,10.386400,123.196404
6807,Salcedo,,,11.146900,125.665001
1162,Quezon City CPO - P.O. Box Nos. 2200 to 2299,,,14.681100,121.121597
1228,Greenbelt,,,14.253000,121.637398
9205,Bacolod,,,10.666700,122.949997
9803,Lutayan,,,6.620000,124.883102
6406,Victoria,,,14.226900,121.327499
8717,Pangantucan,,,7.685700,124.943901
1425,Amparo Subdivision,,,14.594500,121.066704
1551,Vergara,,,14.576000,121.028099
1686,Pasig Ortigas CTR-PO Box# 4600 to 4699,,,14.593400,121.028099
2403,Sual,,,16.069401,120.094398
7502,Tandubas,,,5.161100,120.343102
1659,Pasig Ortigas CTR-PO Box# 1900 to 1999,,,14.593400,121.028099
5605,Lezo,,,11.666400,122.326103
6004,Danao City,,,10.520800,124.027199
6545,Kawayan,,,14.803900,120.684402
7303,Maluso,,,6.542200,121.876900
3320,Roxas,,,16.196501,121.285301
4120,Tagaytay City,,,14.103100,120.932800
5025,San Miguel,,,9.988100,124.338898
7041,Olutanga,,,7.310600,122.846397
8008,Kiblawan,,,6.614200,125.236702
5701,Belison,,,10.840300,121.956100
8510,Talacogon,,,8.456100,125.784203
9013,Medina,,,8.912200,125.024399
6302,Alburquerque,,,9.608100,123.958099
8716,Kitaotao,,,7.639700,125.008904
9004,Claveria,,,8.617600,124.532501
1652,Pasig Ortigas CTR-PO Box# 1200 to 1299,,,14.593400,121.028099
2704,Narvacan,,,17.421700,120.476097
9210,Baroy,,,8.030300,123.779404
9705,Poona Bayabao,,,7.845000,124.311996
8118,Babak,,,7.136400,125.687500
1111,Bagong Lipunan,,,14.862600,121.045700
1309,Villamor Airbase,,,13.950800,121.157898
1533,Greenhills P.O. Box Nos. 1300 to 1399,,,14.586500,121.037102
3812,Pudtol,,,18.244699,121.370598
5037,Passi City,,,11.298500,122.637802
7023,Molave,,,8.090800,123.488297
1746,Verdant Acres Subdivision,,,14.896100,121.476097
9807,Lebak (Salaman),,,6.591300,124.572899
6404,Lavezares,,,12.532200,124.330597
6666,Char Lang,,,10.650200,124.626701
1685,Pasig Ortigas CTR-PO Box# 4500 to 4599,,,14.593400,121.028099
5211,Bongabon,,,15.631100,121.144203
5603,Madalag,,,10.899200,122.983597
6805,General MacArthur,,,11.246400,125.539398
8114,Maco,,,7.361900,125.855301
1705,Ninoy Aquino International Airport,,,15.439000,122.026604
8403,Tagana-an,,,9.697200,125.585602
9222,Tagoloan,,,8.538900,124.756897
0927,Philippine Veterans Affairs Office,,,13.294700,123.793297
1304,Santa Clara,,,13.753600,121.060600
1480,Dampalit,,,14.683300,120.944702
2112,Orani,,,14.800800,120.536400
2726,San Vicente,,,18.508301,122.152802
1771,Buli/Cupang,,,14.441800,121.051003
3104,General Tinio,,,15.349200,121.047798
5000,Iloilo City,,,10.696900,122.564400
6010,Asturias,,,10.567200,123.716103
9501,Alabel,,,6.089400,125.275597
1099,Alcantara,,,12.266700,122.050003
1203,San Antonio Village,,,14.459500,121.157501
1775,Pearl Heights,,,14.441800,121.051003
4607,Capalonga,,,14.329700,122.493301
4033,Bay,,,14.182800,121.284698
4517,Rapu-Rapu,,,13.187500,124.126701
5513,San Fernando,,,15.030300,120.685600
9500,General Santos City,,,6.112800,125.171700
4421,Sagnay,,,13.604200,123.519997
5023,Miagao,,,10.645000,122.240303
5401,Mobo,,,12.338100,123.658897
8004,Magsaysay,,,6.721200,125.358597
8416,Socorro,,,9.544300,125.811897
2009,Angeles City,,,15.150000,120.583298
3105,Gapan City,,,14.909400,121.303902
4412,Gainza,,,13.614400,123.142502
1424,Captol Parkland Subdivision,,,14.594500,121.066704
6706,Gandara,,,12.013100,124.808899
1215,West Rembo,,,14.558000,121.061302
1670,Pasig Ortigas CTR-PO Box# 3000 to 3099,,,14.593400,121.028099
2913,Dingras,,,18.109200,120.692802
4102,Bacoor,,,14.457800,120.942497
5028,Alimodian,,,10.821400,122.431099
8424,Burgos,,,11.523900,123.916000
3110,Zaragoza,,,15.133300,120.050003
8315,Carmen,,,9.555400,125.450996
9104,Catarman,,,12.496100,124.638603
1606,Caniogan,,,17.500000,120.433296
2317,Bamban,,,15.666700,120.333298
2806,Pidigan,,,17.567801,120.590302
6314,Alicia,,,7.513900,122.930000
9406,Matalam,,,7.086400,124.900597
1126,Capitol Hills/Park,,,14.681900,121.094398
1500,San Juan Central Post Office,,,14.586500,121.037102
4702,Casiguran,,,12.873600,124.009697
1409,Kaunlaran Village,,,13.802500,121.486702
7308,Froilie,,,6.588600,122.018898
1210,Poblacion,,,14.543200,121.069099
2424,Bautista,,,15.811900,120.475800
4434,Nabua,,,13.401400,123.376404
7401,Patikul,,,6.089200,121.105301
7506,Sitangkai,,,4.662800,119.392799
8402,Malimano,,,9.690000,125.122398
3302,Naguillan,,,16.911699,121.782600
6226,Larena,,,9.245300,123.593903
3314,San Agustin,,,13.278600,121.303101
5213,Mansalay,,,12.520300,121.439400
6336,Maribojoc,,,9.751100,123.840599
7104,Rizal,,,8.836200,123.339798
9317,Tugaya,,,7.884200,124.172203
9310,Binidayan,,,7.808100,124.169197
1404,San Jose,,,11.180800,122.912498
1810,Marikina Heights,,,14.653300,121.122200
3120,Central Luzon State University,,,15.748300,121.079498
4201,Bauan,,,13.801900,121.013100
4807,Bagamanoc,,,13.940800,124.285797
6331,Sagbayan,,,9.913600,124.092796
2410,Burgos,,,15.733300,120.583298
9801,Columbio,,,6.696400,124.937202
6228,Lazi,,,9.126400,123.636398
9100,Mambajao,,,9.250300,124.716103
4007,Magdalena,,,14.198900,121.429398
4209,Lemery,,,11.226700,122.925003
4436,Balatan,,,13.321100,123.233299
4803,Baras,,,14.521700,121.266701
5010,Banate,,,12.950000,123.683296
5312,Taytay,,,14.569200,121.132500
1168,Quezon City CPO - P.O. Box Nos. 2800 to 2899,,,14.681100,121.121597
5314,Linapacan,,,11.494400,119.867203
2011,Magalang,,,15.215000,120.661903
4321,Tagkawayan,,,13.968900,122.529404
6013,Daanbantayan,,,11.251700,123.999702
6534,Calubian,,,11.445000,124.428902
8409,Gigaquit,,,9.594400,125.697502
9715,Maguing,,,7.865200,124.207100
1264,Makati CPO-PO Box# 2400 to 2499,,,14.253000,121.637398
2207,San Marcelino,,,14.973900,120.158302
5604,Numancia,,,11.701900,122.329399
6020,Sibonga,,,10.016900,123.616898
8720,Kibawe,,,7.568600,124.987801
3114,Talavera,,,15.584400,120.919403
6722,Daram,,,11.636900,124.796097
3501,Enrile,,,17.558300,121.697502
5214,Bulalacao,,,12.325600,121.343597
7101,Dapitan City,,,8.646400,123.420799
9403,Tulunan,,,6.834400,124.876900
8014,Jose Abad Santos,,,5.913300,125.644699
2316,Concepcion,,,15.325300,120.656898
2903,Currimao,,,18.020599,120.482498
3003,Calumpit,,,14.916400,120.765800
3708,Kayapa,,,16.299999,120.866699
4031,"University of the Philippines, Los Baños",,,14.181800,121.340599
6710,Calbayog City,,,12.067200,124.604202
1224,Makati Commercial Center,,,14.253000,121.637398
2505,Santo Tomas,,,14.109200,121.141899
6813,Lawaan,,,11.133600,124.834999
9025,Lugait,,,8.336900,124.260300
1287,Makati CPO-PO Box# 4700 to 4799,,,14.253000,121.637398
2617,Sadanga,,,17.174200,121.026703
4214,Tuy,,,14.010300,120.727203
4227,San Jose,,,11.180800,122.912498
4424,Presentacion,,,13.709700,123.744202
6307,Garcia Hernandez,,,9.615300,124.297203
5421,Buenavista,,,8.976900,125.408897
5209,Gloria,,,12.983300,121.466698
9514,Kiamba,,,5.989400,124.624199
1282,Makati CPO-PO Box# 4200 to 4299,,,14.253000,121.637398
1702,Baclaran,,,15.439000,122.026604
5011,Barotoc Viejo,,,11.938800,122.975700
6225,Siquij,,,9.526000,123.491302
9410,Midsayap,,,7.190800,124.530296
2820,Malibcong,,,17.566700,120.983299
4028,"Canlubang, Calamba City",,,14.376900,121.263702
6110,Candoni,,,9.821700,122.597198
6312,Candijay,,,10.712200,123.486504
9214,Kapatagan,,,7.898900,123.770599
8100,Tagum City,,,7.600900,125.925797
5502,Imelda,,,14.033300,122.883301
6601,Macrohon,,,10.079700,124.943100
0802,Camp Aguinaldo,,,14.605800,121.062103
1676,Pasig Ortigas CTR-PO Box# 3600 to 3699,,,14.593400,121.028099
1710,Executive Heights Subdivision,,,14.499800,121.042198
3511,Buguey,,,18.291401,121.828598
4336,Infanta,,,15.825300,119.906898
4339,Polilio,,,14.818600,121.343803
6607,Silago,,,10.529200,125.165604
9303,Marogong,,,7.666700,124.150002
9009,Sugbungcogon,,,8.617600,124.532501
9810,Bagumbayan,,,6.591300,124.572899
4433,Buhi,,,13.428300,123.519997
5008,Pototan,,,10.943100,122.635300
6801,Balangkayan,,,11.471400,125.510597
9711,Marantao,,,7.950000,124.233299
7415,Panglima Estino,,,6.821300,120.345596
0922,De La Salle University,,,13.294700,123.793297
1000,Manila Central Post Office,,,14.233500,121.362297
2517,Balaoan,,,16.821899,120.400299
5200,Calapan,,,13.419200,121.192497
5413,Baleno,,,12.470600,123.476402
6024,Boljoon,,,9.626900,123.476097
4323,Candelaria,,,13.931100,121.423302
5705,Laua-an,,,11.143100,122.041702
1084,Manila CPO-PO Box# 4400 to 4499,,,14.049400,121.510101
1222,Dasmariñas Village South,,,14.253000,121.637398
1655,Pasig Ortigas CTR-PO Box# 1500 to 1599,,,14.593400,121.028099
1740,Las Piñas Central Post Office,,,14.896100,121.476097
1900,Jalajala,,,14.352500,121.323097
2513,San Gabriel,,,16.675600,120.403099
6111,Kabankalan City,,,10.371600,122.990196
0916,Radio Veritas,,,13.294700,123.793297
1675,Pasig Ortigas CTR-PO Box# 3500 to 3599,,,14.593400,121.028099
3515,Aparri,,,18.356100,121.640800
4609,San Vicente,,,18.508301,122.152802
6717,Villareal,,,11.563300,124.930000
7403,Talipao,,,5.976400,121.116096
1082,Manila CPO-PO Box# 4200 to 4299,,,14.049400,121.510101
1749,Angela Village,,,14.896100,121.476097
4515,Jovellar,,,13.070800,123.597801
6820,Maslog,,,13.102500,123.774399
9020,Gitagum,,,8.596700,124.406403
1428,Bagong Silang,,,14.594500,121.066704
1472,Longos,,,16.116699,120.383301
2509,Tubao,,,15.718500,120.547600
6802,Maydolong,,,11.499200,125.501099
8007,Padada,,,6.641100,125.345001
5406,Pio V. Corpuz,,,11.900600,124.032799
6822,Arteche,,,12.267200,125.370796
9321,Tagoloan-II,,,7.800000,124.650002
2911,Carasi,,,18.198900,120.868301
7408,Parang,,,7.371100,124.267197
1273,Makati CPO-PO Box# 3300 to 3399,,,14.253000,121.637398
6507,Mayorga,,,10.900000,125.000000
1070,Manila CPO-PO Box# 3000 to 3099,,,14.049400,121.510101
3609,Tinoc,,,16.700001,120.900002
1232,Magallanes Village,,,14.532900,121.016602
6614,Pintuyan,,,9.944700,125.249397
7019,Tukuran,,,7.851400,123.575600
8306,Marihatag,,,8.793600,126.296898
1680,Pasig Ortigas CTR-PO Box# 4000 to 4099,,,14.593400,121.028099
2606,Kabayan,,,16.623899,120.840302
4113,Magallanes,,,12.829200,123.836403
4902,Santa Cruz,,,14.278600,121.415604
6522,Inopacan,,,10.497500,124.738899
7407,Indanan,,,5.973500,120.969803
8011,Santa Maria,,,6.553600,125.470802
0909,Summer Institute of Linguistics,,,13.294700,123.793297
1013,Tondo,,,15.116700,120.066704
1270,Makati CPO-PO Box# 3000 to 3099,,,14.253000,121.637398
1750,Almanza,,,14.483300,120.983299
5210,Bansud,,,12.865000,121.456398
7022,Sominot,,,8.328900,123.559502
2802,Lagangilang,,,17.613899,120.740303
5205,Victoria,,,14.226900,121.327499
5405,Cataingan,,,12.002800,123.979698
6112,Cauayan,,,10.371600,122.990196
6320,Sierra Bullones,,,10.553800,123.801399
8511,San Luis,,,8.489400,125.724998
1053,Manila CPO-PO Box# 1300 to 1399,,,14.049400,121.510101
1303,San Roque,,,14.902800,120.528603
1504,Eisenhower - Crame,,,14.586500,121.037102
8406,Tubod,,,9.778100,123.108299
1703,Marina Subdivision (Reclamation),,,15.439000,122.026604
1709,"South Admiral Village, Merville Park &amp; Moonwalk Subdivision",,,15.439000,122.026604
4805,Viga,,,13.872800,124.307198
7203,Sinacaban,,,8.292500,123.843597
9215,Karomatan,,,7.794400,123.716698
2426,Santo Tomas,,,14.109200,121.141899
3324,Quezon,,,15.551100,120.815598
6316,Loboc,,,9.637800,124.032501
6402,San Jose,,,11.180800,122.912498
7504,South Ubian,,,5.186100,120.498100
1684,Pasig Ortigas CTR-PO Box# 4400 to 4499,,,14.593400,121.028099
4021,Famy,,,14.436900,121.447800
5309,San Vicente,,,9.113200,118.127098
8400,Surigao City,,,9.783900,125.488899
9102,Guinsiliban,,,9.096400,124.782799
1694,Pasig Ortigas CTR-PO Box# 5400 to 5499,,,14.593400,121.028099
2810,Manabo,,,12.320000,122.579399
2133,3 Santa Cruz,,,14.495700,120.615601
2622,Sabangan,,,17.733299,120.433296
4026,Santa Rosa City,,,14.376900,121.263702
8110,New Bataan,,,7.603600,126.133301
1001,Quiapo,,,12.566700,121.416702
5043,Lemery,,,11.226700,122.925003
6012,Medellin,,,11.128900,123.960800
6539,Isabel,,,6.706400,121.971397
3336,Dinapigui,,,16.666700,122.349998
4422,Goa,,,13.696900,123.493301
7017,Labangan,,,7.863600,123.513603
1216,East Rembo and Malapad na Bato,,,14.550400,121.060204
3016,Balagtas,,,14.816700,120.866699
3304,Luna,,,16.972500,121.730301
4318,Calauag,,,10.669200,119.569702
4510,Malilipot,,,13.321100,123.740303
4713,Castilla,,,12.948600,123.882202
1158,Quezon City CPO - P.O. Box Nos. 1800 to 1899,,,14.681100,121.121597
1719,Maywood Village I,,,14.499800,121.042198
1667,Pasig Ortigas CTR-PO Box# 2700 to 2799,,,14.593400,121.028099
4224,Padre Garcia,,,13.878300,121.215302
1068,Manila CPO-PO Box# 2800 to 2899,,,14.049400,121.510101
2204,San Felipe,,,15.720300,121.061699
5005,New Lucena,,,10.879400,122.598297
1534,Greenhills P.O. Box Nos. 1400 to 1499,,,14.586500,121.037102
4100,Cavite City,,,14.482500,120.916901
4111,Ternate,,,14.285600,120.718903
5506,Ferrol,,,12.338300,121.941399
6544,Almeria,,,11.620300,124.381699
0990,Philamlife,,,13.294700,123.793297
8711,San Fernando,,,7.685700,124.943901
9306,Lumbayanague,,,7.782500,124.279999
9408,Carmen,,,7.030800,124.927902
1668,Pasig Ortigas CTR-PO Box# 2800 to 2899,,,14.593400,121.028099
4025,Cabuyao,,,14.278300,121.124702
1253,Makati CPO-PO Box# 1300 to 1399,,,14.253000,121.637398
1411,Fish Market,,,14.633300,120.966698
5419,Claveria,,,18.607500,121.084999
8308,Tagbina,,,8.451900,126.171402
8418,Del Carmen,,,9.869400,125.969704
1747,Moonwalk Subdivision and Talon,,,14.896100,121.476097
2310,Anao,,,15.140800,120.694397
3509,Lal-Lo,,,18.198299,121.665001
5027,Tubungan,,,10.764400,122.318100
5307,Balabac,,,7.981900,117.059998
1170,Quezon City CPO - P.O. Box Nos. 3000 to 3099,,,14.681100,121.121597
2300,Tarlac City,,,15.206900,120.961899
2512,Bagulin,,,16.608299,120.439400
4206,Santa Teresita,,,18.250000,121.883301
6212,Jimalalud,,,9.976400,123.192200
6337,Corella,,,9.688300,123.922203
4013,Cavinti,,,14.243900,121.509697
5001,Pavia,,,10.776100,122.545601
9800,Tacurong,,,6.692500,124.676399
1112,Valencia,,,14.618400,121.035103
1135,Araneta Center P.O. Boxes,,,14.681100,121.121597
5456,Bugasong,,,11.043300,122.066101
9206,Maigo,,,8.158100,123.961098
3116,Nampicuan,,,15.735600,120.641701
7123,Baliguian,,,7.809400,122.144402
4101,Sangley Point Naval Base,,,14.367500,120.952698
4701,Bacon,,,13.037800,124.041100
5033,Badiangan,,,11.016700,122.500000
2017,Masantol,,,14.893600,120.713898
4706,Bulan,,,12.671400,123.875000
5812,Dumarao,,,11.264200,122.688904
9617,Datu Paglas,,,6.766700,124.849998
1288,Makati CPO-PO Box# 4800 to 4899,,,14.253000,121.637398
1476,Araneta Subdivision,,,15.101800,120.759697
3325,Tumauini,,,17.274401,121.807800
6017,Cordova,,,10.251900,123.949402
8316,Madrid,,,9.262500,125.964699
7414,Panguntaran,,,6.821300,120.345596
1503,Greenhills [North],,,14.586500,121.037102
4317,Hondagua,,,13.946900,122.243103
6816,Taft,,,11.901100,125.418900
7306,Tuburan,,,6.643900,122.273598
9015,Magsaysay,,,9.050300,124.732498
9309,Bayang,,,7.792800,124.191704
1064,Manila CPO-PO Box# 2400 to 2499,,,14.049400,121.510101
2110,Dinalupihan,,,14.876100,120.462502
4342,Jomalig,,,14.712500,122.369698
4406,Cabusao,,,13.721700,123.106903
2432,Mangaldan,,,16.069201,120.406403
3203,Dipaculao,,,15.846700,121.535797
3401,Diffun,,,16.600000,121.500000
6330,Clarin,,,9.961900,124.023598
9611,Sultan sa Barongis,,,6.800000,124.636703
1166,Quezon City CPO - P.O. Box Nos. 2600 to 2699,,,14.681100,121.121597
1802,Industrial Valley,,,14.626900,121.076698
3503,Solana,,,17.655300,121.689400
5614,Balete,,,14.018600,121.098297
6714,San Sebastian,,,11.734600,124.798798
7118,Gutalac,,,7.982500,122.404701
1692,Pasig Ortigas CTR-PO Box# 5200 to 5299,,,14.593400,121.028099
4327,Tayabas,,,14.028900,121.591103
5809,Ma-ayon,,,11.483300,122.816704
6038,Toledo City,,,10.379200,123.641899
1658,Pasig Ortigas CTR-PO Box# 1800 to 1899,,,14.593400,121.028099
2430,Manaoag,,,16.043100,120.490799
3814,Calanasan (Bayag),,,18.254999,121.034401
4012,Calauan,,,14.145600,121.315002
6723,San Jose De Buan,,,12.054400,125.026901
9018,Alubijid,,,8.573300,124.473602
1351,Pasay City CPO - P.O. Box Nos. 1100 to 1199,,,13.950800,121.157898
2503,Aringay,,,16.396400,120.359200
3332,San Mariano,,,16.983299,122.016098
6221,Bayawan City,,,9.526000,123.491302
7206,Aloran,,,8.418100,123.817596
1167,Quezon City CPO - P.O. Box Nos. 2700 to 2799,,,14.681100,121.121597
1377,Domestic Airport P.O. - P.O. Box Nos. 1200 to 1299,,,13.950800,121.157898
3109,Jaen,,,15.327200,120.905800
3303,Reina Mercedes,,,16.985600,121.825600
3704,Aritao,,,16.298300,121.040802
5610,New Washington,,,11.648900,122.433098
9612,Talayan,,,7.264700,124.234200
2209,Subic,,,14.879700,120.233299
3334,Palanan,,,17.058901,122.429703
4218,Fernando Airbase,,,13.347900,121.388397
4709,Santa Magdalena,,,12.647800,124.105797
8407,Mainit,,,7.531400,126.013100
9320,Bumbaran,,,7.800000,124.650002
1077,Manila CPO-PO Box# 3700 to 3799,,,14.049400,121.510101
1671,Pasig Ortigas CTR-PO Box# 3100 to 3199,,,14.593400,121.028099
2724,Burgos,,,15.733300,120.583298
7205,Panaon,,,8.345600,123.829597
0980,Asian Development Bank,,,13.294700,123.793297
1164,Quezon City CPO - P.O. Box Nos. 2400 to 2499,,,14.681100,121.121597
1535,Greenhills P.O. Box Nos. 1500 to 1599,,,14.586500,121.037102
3013,Norzagaray,,,14.910600,121.048897
9312,Pagayawan,,,8.161700,124.025803
0840,V. Luna Hospital,,,14.635100,121.051903
6500,Tacloban City,,,11.243300,125.004700
6542,Albuera,,,10.916700,124.696701
9314,Madamba,,,11.993300,124.032501
9604,Parang,,,7.371100,124.267197
1800,Marikina Central Post Office,,,12.565000,122.027496
2412,Infanta,,,15.825300,119.906898
2514,San Juan,,,17.742201,120.458298
4205,Alitagtag,,,13.865000,121.005302
5813,Dumalag,,,11.303900,122.622200
8505,Trento,,,8.045800,126.063599
1003,Santa Cruz,,,14.278600,121.415604
2018,Macabebe,,,14.898300,120.716698
4114,Dasmariñas,,,14.329400,120.936699
1808,Nangka,,,10.855600,123.041901
2821,Lacub,,,17.663900,120.945000
4608,Basud,,,14.066400,122.964203
5002,Santa Barbara,,,10.735600,122.924797
6605,Tomas Oppus,,,10.250600,124.983101
3020,Meycauayan City,,,14.706900,120.930000
3518,Sanchez-Mira,,,18.565800,121.230598
5014,Sara,,,11.257200,123.018898
7039,Diplahan,,,7.716700,123.016701
8603,Carmen,,,15.883300,120.599998
8120,Kaputian,,,6.965800,125.726097
0908,Pan-Filipino Shipping,,,13.294700,123.793297
3307,Angadanan,,,16.755800,121.750603
3522,Pamplona,,,17.765600,121.384003
4122,Indang,,,14.195300,120.876900
4800,Virac,,,13.578600,124.230598
5048,Sibunag,,,10.683700,123.009300
6306,Valencia,,,7.906400,125.094200
6527,Jaro,,,11.188300,124.782501
1220,Forbes Park South,,,14.253000,121.637398
1602,Pinagbuhatan,,,14.559200,121.091599
1650,Pasig Ortigas CTR-PO Box# 1000 to 1099,,,14.593400,121.028099
2400,Dagupan City,,,16.047501,120.340797
3605,Lamut,,,16.649700,121.224998
5407,Esperanza,,,11.809200,123.835503
7107,Mutia,,,8.430800,123.470596
8115,Mabini (Doña Alicia),,,7.440500,125.887901
1850,San Mateo,,,14.696900,121.121902
5106,Mamburao,,,13.228100,120.593597
5110,Tilik,,,13.819400,120.202202
1612,Green Park,,,14.453500,121.000603
4331,Atimonan,,,13.995800,121.904999
6715,Calbiga,,,11.624700,125.016403
8016,Ateneo de Davao University,,,6.190800,125.543297
9201,Linamon,,,8.181100,124.168900
1712,Miramar Subdivision,,,14.499800,121.042198
6006,Catmon,,,10.716700,124.000000
7026,Mahayag,,,8.113100,123.452499
7105,Pinan,,,8.481500,123.446198
0920,Sunbursts Publications,,,13.294700,123.793297
1412,Isla de Cocomo,,,14.633300,120.966698
3006,Baliuag,,,14.954700,120.896896
4302,Pagbilao,,,13.975000,121.691902
5322,Kalayaan,,,14.350000,121.566704
6201,Sibulan,,,9.359700,123.285004
0930,United States Embassy,,,13.294700,123.793297
1105,Bagong Pag-Asa,,,14.518200,121.198799
5012,Ajuy,,,11.168300,123.018097
6536,Tabango,,,11.307800,124.371101
2917,Pasuquin,,,18.333099,120.616898
3506,Baggao,,,18.266701,121.733299
9220,Tangkal,,,8.013300,124.034401
0925,Chinabank,,,13.294700,123.793297
1015,Sampaloc,,,14.557800,121.346100
1678,Pasig Ortigas CTR-PO Box# 3800 to 3899,,,14.593400,121.028099
6328,Calape,,,10.285800,122.969398
8000,Davao City,,,7.073100,125.612801
2425,Alcala,,,17.905300,121.654404
4508,Santo Domingo,,,14.135000,122.869202
5203,Puerto Galera,,,13.500000,120.954201
7009,Buug,,,7.727800,123.061096
8425,Alegria,,,9.466900,125.577202
9010,Kinogitan,,,8.985600,124.792801
0901,Adventist University of the Philippines,,,13.294700,123.793297
1401,Baesa,,,14.672400,121.011299
2333,Capas,,,15.327500,120.590797
5400,Masbate City,,,11.809200,123.835503
5510,San Jose,,,11.180800,122.912498
8106,Nabunturan,,,7.607800,125.966400
1002,Intramuros,,,14.233500,121.362297
1213,Pinagkaisahan - Pitogo,,,14.550400,121.060204
9001,Tagoloan,,,8.538900,124.756897
1305,San Jose,,,11.180800,122.912498
3015,Guiguinto,,,14.833300,120.883301
4804,Gigmoto,,,13.779400,124.389702
5038,Duenas,,,11.065800,122.616898
6325,Talibon,,,10.149200,124.324997
6412,Mapanas,,,12.474700,125.254700
4319,Guinayangan,,,13.900600,122.451897
8602,Nasipit,,,8.969200,125.294701
3122,Lupao,,,15.876900,120.899200
3803,Pasil,,,17.535101,121.285797
4700,Sorsogon,,,12.973900,123.993301
6409,San Isidro,,,15.050000,120.750000
8309,Barobo,,,8.535300,126.121399
9516,Malapatan,,,5.967500,125.288101
6338,Sikatuna,,,9.691700,123.973900
7032,Dimataling,,,7.531900,123.366402
0929,Not used,,,13.294700,123.793297
2305,San Clemente,,,15.713900,120.359200
2436,Binalonan,,,16.048901,120.595299
3201,San Luis,,,15.343500,122.031502
4118,Silang,,,14.230600,120.974998
5301,Iwahig Penal Colony,,,9.750300,118.661697
9200,Iligan City,,,8.250000,124.400002
6701,Jiabong,,,11.762500,124.951897
6720,Basey,,,11.281700,125.068298
3327,Santo Tomas,,,14.109200,121.141899
5310,Dumaran,,,10.526400,119.768600
9806,Esperanza (Ampatuan),,,6.591300,124.572899
1005,San Miguel,,,14.233500,121.362297
1281,Makati CPO-PO Box# 4100 to 4199,,,14.253000,121.637398
1654,Pasig Ortigas CTR-PO Box# 1400 to 1499,,,14.593400,121.028099
5041,Bingawan,,,11.233100,122.570297
5104,Sablayan,,,12.837800,120.771400
6608,Hinunangan,,,10.398900,125.199402
1307,Philippine International Convention Center,,,13.950800,121.157898
1611,Manggahan,,,14.291100,120.913101
2021,Mexico,,,15.065600,120.721703
5300,Puerto Princesa,,,9.739200,118.735298
6124,Escalante City,,,10.493300,122.983398
1284,Makati CPO-PO Box# 4400 to 4499,,,14.253000,121.637398
1603,Kapitolyo,,,14.569300,121.060204
4341,Patnanungan,,,14.783300,122.183296
6343,Catigbian,,,9.850300,124.000298
2020,Santo Tomas,,,14.109200,121.141899
5022,Guimbal,,,10.663100,122.320801
0400,International Correspondence School,,,14.575000,121.060898
2007,Basa Airbase,,,15.005500,120.596397
2427,Villasis,,,15.901700,120.588303
5410,Milagros,,,12.220300,123.486702
6311,Anda,,,10.712200,123.486504
1071,Manila CPO-PO Box# 3100 to 3199,,,14.049400,121.510101
1661,Pasig Ortigas CTR-PO Box# 2100 to 2199,,,14.593400,121.028099
2000,City of San Fernando,,,15.005500,120.596397
2600,Baguio City,,,16.416401,120.593102
8310,Hinatuan,,,8.372200,126.334198
9204,Poona Piagapo,,,8.083300,124.116699
1770,Muntinlupa Central Post Office,,,14.441800,121.051003
2106,Mariveles,,,14.433600,120.485298
4904,Buenavista,,,13.568900,121.809700
6304,Lila,,,9.594400,124.094200
7406,Tongkil,,,6.072100,121.784500
2731,San Juan,,,17.742201,120.458298
3321,Quirino,,,17.155600,120.669998
0918,Fil-Japan Shipping Company,,,13.294700,123.793297
2210,Palauig &amp; Scarborough Shoal,,,14.582300,120.930000
5202,San Teodoro,,,13.436400,121.017197
6506,Julita,,,10.974700,124.961700
8317,Cantillan,,,9.555400,125.450996
3328,Cabagan,,,17.426100,121.762497
5035,Dingle,,,11.005600,122.668297
6319,Carmen,,,15.883300,120.599998
7110,Manukan,,,8.533300,123.099998
2401,Lingayen,,,16.016701,120.233299
3127,Rizal,,,15.708600,121.103302
6530,Capoocan,,,11.293300,124.641899
6705,Pagsanghan,,,11.966400,124.724998
8103,Laak (San Vicente),,,7.600900,125.925797
9211,Lala,,,7.966700,123.733299
2819,Licuan (Baay),,,16.359800,121.071800
4029,Camp Vicente Lim,,,14.376900,121.263702
4213,Balayan,,,13.940300,120.733597
8003,Matanao,,,6.679200,125.254997
8606,Tubay,,,9.166900,125.523903
9409,Pikit,,,7.054400,124.671898
4232,Tanauan City,,,14.011900,121.017303
5021,Tigbauan,,,10.673600,122.376404
1376,Domestic Airport P.O. - P.O. Box Nos. 1100 to 1199,,,13.950800,121.157898
1657,Pasig Ortigas CTR-PO Box# 1700 to 1799,,,14.593400,121.028099
3021,Obando,,,14.706900,120.930000
3323,Mallig,,,17.141100,121.683098
3403,Aglipay,,,16.466400,121.652802
4022,Santa Maria,,,14.376900,121.263702
9208,Pantao Ragat,,,8.620000,123.658302
1101,University of the Philippines,,,15.268100,121.422699
3527,Piat,,,17.791401,121.476402
1067,Manila CPO-PO Box# 2700 to 2799,,,14.049400,121.510101
2609,"Lepanto, Mankayan",,,16.563101,120.734200
4017,Pakil,,,14.382200,121.479401
6008,Borbon,,,10.837200,124.026703
1252,Makati CPO-PO Box# 1200 to 1299,,,14.253000,121.637398
4513,Tiwi,,,13.458900,123.682800
2720,Gregorio del Pilar,,,17.130301,120.611900
5009,Anilao,,,10.157200,125.141899
5316,Coron,,,11.998600,120.205803
6213,La Libertad,,,10.026900,123.233101
6315,Ubay,,,10.056100,124.473602
2705,Santa Maria,,,17.272301,120.608902
4015,Kalayaan,,,14.350000,121.566704
4231,Nasugbu,,,14.073900,120.633598
6215,Valencia,,,7.906400,125.094200
6529,Carigara,,,11.299200,124.675598
7014,Lakewood,,,7.853100,123.161102
2022,Santa Ana,,,15.094400,120.767799
3610,Asipulo,,,16.812599,121.088799
4211,Agoncillo,,,13.935000,120.936699
6047,Santa Fe,,,12.156100,121.995598
8405,Placer,,,11.866700,123.918098
2811,Villaviciosa,,,17.436899,120.627800
4222,Cuenca,,,13.898900,121.046097
1610,Santolan,,,14.615800,121.088203
4600,Daet,,,14.112800,122.955803
8513,Esperanza,,,8.312200,125.846397
9315,Madalum,,,7.853100,124.118599
5409,Cawayan,,,9.801700,123.530800
8113,Kapalong,,,7.590300,125.706902
1920,Taytay,,,14.569200,121.132500
2808,San Quintin,,,17.700001,120.433296
3709,Solano,,,16.524401,121.192200
7400,Jolo,,,6.052200,121.002197
2826,La Paz,,,15.442500,120.728600
5415,Batuan,,,12.422500,123.779701
1054,Manila CPO-PO Box# 1400 to 1499,,,14.049400,121.510101
1605,Ortigas Post Office,,,14.573200,121.069702
3805,Tanudan,,,17.295601,121.237801
6704,Tarangnan,,,11.901700,124.748100
8408,Bacuag,,,9.608100,125.638901
1403,Grace Park East,,,13.802500,121.486702
3106,San Isidro,,,15.050000,120.750000
6007,Sogod,,,12.380000,122.683601
6103,Valladolid,,,10.465000,122.825600
6131,La Castillana,,,10.346800,122.999397
1693,Pasig Ortigas CTR-PO Box# 5300 to 5399,,,14.593400,121.028099
2615,Tublay,,,16.516701,120.616699
5320,Agutaya,,,11.148600,120.942200
7505,Simunul,,,4.898300,119.849403
8502,Bayugan,,,8.756100,125.767502
6333,Buenavista,,,8.976900,125.408897
9101,Mahinog,,,9.157800,124.787498
4121,Mendez,,,14.128600,120.905800
8015,Sarangani,,,5.403300,125.464996
9218,Pantar,,,8.066100,124.258301
1095,Manila CPO-PO Box# 5500 to 5599,,,12.266700,122.050003
4333,Alabat,,,14.102800,122.015297
4532,Alegria,,,9.466900,125.577202
8723,Cabanglasan,,,8.120600,125.329399
3901,Mahatao,,,20.417200,121.947502
8005,Bansalan,,,6.721200,125.358597
8410,Claver,,,9.572500,125.733101
1045,Ermita,,,10.900000,122.716698
2311,Ramos,,,15.664700,120.640602
3129,Laur,,,15.584200,121.183601
4602,Talisay,,,10.244700,123.849403
5207,Socorro,,,13.058300,121.411697
6612,Liloan,,,10.400000,123.983299
1172,Quezon City CPO - P.O. Box Nos. 3200 to 3299,,,14.681100,121.121597
4514,Manito,,,13.123900,123.867203
7208,Lopez Jaena,,,8.553600,123.768303
1266,Makati CPO-PO Box# 2600 to 2699,,,14.253000,121.637398
4106,Rosario,,,13.630000,121.219704
4306,Plaridel,,,14.887200,120.857201
5713,Sibalom,,,10.788300,122.019699
6340,Panglao,,,9.578100,123.745796
7000,Zamboanga City,,,6.910300,122.073898
0401,Asian Development Bank,,,14.587600,121.059601
0960,International Rice Research Institute,,,13.294700,123.793297
1700,Parañaque CPO,,,15.439000,122.026604
2105,Mariveles,,,14.433600,120.485298
6119,Victorias City,,,10.900000,123.077797
6202,San Jose,,,11.180800,122.912498
1269,Makati CPO-PO Box# 2900 to 2999,,,14.253000,121.637398
6101,Bago City,,,10.533300,122.833298
8109,Compostela,,,7.673100,126.088898
9605,Sultan Kudarat/Sultan Mastura,,,7.064600,124.326599
1485,Navotas,,,14.417200,121.225800
3600,Lagawe,,,16.816700,121.099998
5208,Pinamalayan,,,13.035600,121.488602
8601,Buenavista,,,8.976900,125.408897
9221,Magsaysay,,,8.276100,124.395699
1075,Manila CPO-PO Box# 3500 to 3599,,,14.049400,121.510101
1478,Santolan,,,14.615800,121.088203
3310,San Isidro,,,15.050000,120.750000
3813,Luna,,,16.972500,121.730301
3905,Itbayat,,,20.786900,121.841904
8307,Lianga,,,8.633600,126.094704
6049,Poro,,,10.753800,122.864197
6341,Cortes,,,9.279700,126.191101
6505,Dulag,,,10.952500,125.031700
6611,San Juan (Cabalian),,,10.266900,125.175598
1153,Quezon City CPO - P.O. Box Nos. 1300 to 1399,,,14.681100,121.121597
1530,Greenhills P.O. Box Nos. 1000 to 1099,,,14.586500,121.037102
2408,Agno,,,16.119400,119.799202
3009,Dona Remedios Trinidad,,,15.000000,121.083298
5204,Naujan,,,13.322200,121.302200
5709,Sebaste,,,11.587200,122.093597
1160,Quezon City CPO - P.O. Box Nos. 2000 to 2099,,,14.681100,121.121597
2447,San Nicolas,,,18.172501,120.595802
4104,Kawit,,,14.445600,120.904999
0905,Bacacay,,,13.294700,123.793297
1169,Quezon City CPO - P.O. Box Nos. 2900 to 2999,,,14.681100,121.121597
1406,Grace Park West,,,13.802500,121.486702
3306,Alicia,,,16.911699,121.782600
3335,Divilacan,,,17.025101,122.195801
3132,Palayan City,,,15.541400,121.086098
1475,Potrero,,,14.666900,120.981400
3502,Peñablanca,,,17.627800,121.787804
1980,Tanay,,,14.497200,121.286400
2701,Santa Catalina,,,17.272301,120.608902
3007,Bustos,,,14.958100,120.917801
9609,Ampatuan,,,6.866700,124.466698
1637,Tuktukan,,,14.833300,120.883301
4016,Paete,,,14.362800,121.483597
4337,Panukulan,,,14.933300,121.814400
5321,Cagayancillo,,,9.576900,121.207199
5504,San Andres,,,13.260000,123.779999
2431,San Jacinto,,,16.072500,120.441101
4801,Bato,,,13.355600,123.363602
6721,Marabut,,,11.866700,124.849998
7404,Luuk,,,6.072100,121.784500
1711,Better Living Subdivision,,,14.499800,121.042198
4414,Minalabac,,,13.569400,123.186897
6220,Sta. Catalina,,,9.526000,123.491302
6819,Jipapad,,,12.286700,125.237801
1108,Loyola Heights,,,14.629000,121.072601
1600,Pasig Central Post Office,,,14.573200,121.069702
3903,Uyugan,,,20.351700,121.938599
5040,Calinog,,,11.116700,122.566704
6122,Sagay City,,,10.893300,123.413101
6322,Dagohoy,,,9.895300,124.273903
2309,San Manuel,,,17.022499,121.635300
3404,Maddela,,,16.347200,121.693100
1474,Acacia,,,14.675300,120.968102
1489,Tangos,,,14.966700,120.900002
5801,Panay,,,11.557800,122.794197
8209,San Isidro,,,15.050000,120.750000
8302,Tago,,,9.021100,126.231697
1012,Tondo,,,15.116700,120.066704
2307,[Paniqui],,,15.206900,120.961899
2621,Bauko,,,16.989201,120.867500
1772,Soldiers' Hills,,,14.403100,121.031403
2511,Naguillan,,,16.592899,120.595299
3318,San Mateo,,,14.696900,121.121902
2108,Morong,,,14.678900,120.266098
3705,Santa Fe (Imugan),,,16.194099,121.110199
1682,Pasig Ortigas CTR-PO Box# 4200 to 4299,,,14.593400,121.028099
3405,Nagtipunan,,,16.216700,121.599998
6029,Malabuyoc,,,9.657800,123.329399
6114,Hinoba-an,,,9.588600,122.474403
9702,Mulondo,,,7.845000,124.311996
1080,Manila CPO-PO Box# 4000 to 4099,,,14.049400,121.510101
6423,Lapinig,,,12.315000,125.301697
7012,Talusan,,,7.426700,122.810303
9305,Butig,,,7.724400,124.300797
1083,Manila CPO-PO Box# 4300 to 4399,,,14.049400,121.510101
4704,Bulusan,,,12.758100,124.135300
6032,Moalboal,,,9.943300,123.399200
6128,Isabela,,,6.706400,121.971397
6537,Villaba,,,11.212200,124.393097
9808,Kalamansig,,,6.556700,124.052200
0860,Quezon City Hall,,,14.646600,121.050903
1217,Comembo,,,14.547700,121.061302
1280,Makati CPO-PO Box# 4000 to 4099,,,14.253000,121.637398
1291,Makati CPO-PO Box# 5100 to 5199,,,14.253000,121.637398
4408,Sipocot,,,13.770300,122.981102
6809,Guiuan,,,11.033300,125.724701
1609,Rosario,,,13.630000,121.219704
2601,La Trinidad,,,16.455000,120.587502
2922,Adams,,,18.466700,120.900002
4225,Rosario,,,13.630000,121.219704
7010,Mabuhay,,,7.333100,125.547501
7028,Dumingag,,,8.169200,123.350601
6345,San Isidro,,,15.050000,120.750000
6401,Bobon,,,15.669700,120.385597
1235,Palanan,,,17.058901,122.429703
2414,Urbiztondo,,,15.823300,120.331398
2825,Danglas,,,17.700001,120.650002
3012,Angat,,,14.928100,121.030602
4905,Gasan,,,13.322200,121.846901
5315,Culion,,,11.888900,120.020302
1698,Pasig Ortigas CTR-PO Box# 5800 to 5899,,,14.593400,121.028099
8314,Lanuza,,,9.234200,126.064400
9517,Glan,,,5.823100,125.204201
0810,Araneta Center,,,14.619300,121.053703
9311,Ganassi,,,7.830300,124.099998
1554,East EDSA,,,14.586500,121.037102
3111,Aliaga,,,15.500000,120.844398
6318,Batuan,,,12.422500,123.779701
9703,Lumba Bayabao,,,7.883300,124.383301
4512,Malinao,,,14.000000,121.833298
1255,Makati CPO-PO Box# 1500 to 1599,,,14.253000,121.637398
1407,University Hills,,,13.802500,121.486702
2107,Bagac,,,14.598100,120.393097
3207,Dingalan,,,15.388100,121.392799
4107,General Trias,,,14.386900,120.881699
4315,San Francisco (Aurora),,,13.348100,122.520599
1477,Maysilo,,,14.677800,120.953598
2445,Tayug,,,16.026699,120.747803
4115,Dasmarinas Resettlement Area,,,14.093900,121.243896
4401,Camaligan,,,13.626400,123.157204
7500,Bongao,,,5.029200,119.773102
1532,Greenhills P.O. Box Nos. 1200 to 1299,,,14.586500,121.037102
5006,Dumangas,,,10.825300,122.715599
6009,Tabogon,,,14.081400,122.377502
9608,Sarip Aguak (Maganoy),,,7.064600,124.326599
2805,Bucay,,,17.538099,120.719398
4004,Liliw,,,14.131900,121.435600
5516,Concepcion,,,15.325300,120.656898
6050,San Francisco,,,9.732000,123.639099
1352,Pasay City CPO - P.O. Box Nos. 1200 to 1299,,,13.950800,121.157898
9502,Maasim,,,6.321100,125.057098
1109,San Roque,,,14.902800,120.528603
1664,Pasig Ortigas CTR-PO Box# 2400 to 2499,,,14.593400,121.028099
4208,Taal,,,13.879400,120.925301
4316,Lopez,,,13.884400,122.264198
8305,San Agustin,,,8.928800,125.921898
9411,Libungan,,,11.155800,124.563103
1292,Makati CPO-PO Box# 5200 to 5299,,,14.253000,121.637398
4310,General Antonio Luna,,,13.459900,121.959503
6603,Malitbog,,,10.160000,124.999199
3714,Quezon,,,15.551100,120.815598
5304,Quezon,,,9.113200,118.127098
6335,Antequera,,,9.780000,123.898903
9003,Jasaan,,,8.654200,124.755600
9301,Picong(Sultan Gumander),,,7.658800,124.257103
1209,Bel-Air,,,14.459500,121.157501
2406,Bolinao,,,17.866699,120.566704
6516,Burauen,,,10.975600,124.892799
8600,Butuan City,,,8.949200,125.543602
1801,San Roque-Calumpang,,,12.565000,122.027496
2502,Caba,,,16.433300,120.347198
3125,General M. Natividad,,,15.748300,121.079498
4425,Lagonoy,,,13.738600,123.520599
1231,Pasong Tamo and Ecology Village,,,13.831700,122.502602
1446,Lingunan,,,14.719200,120.974998
3326,Delfin Albano,,,17.310301,121.777496
1490,Tanza,,,14.675300,120.938904
2729,Santo Domingo,,,14.135000,122.869202
5706,Barbaza,,,11.198600,122.037201
7100,Dipolog City,,,8.589400,123.341400
1066,Manila CPO-PO Box# 2600 to 2699,,,14.049400,121.510101
1091,Manila CPO-PO Box# 5100 to 5199,,,12.266700,122.050003
1125,Nagkaisang Nayon,,,14.725800,121.027496
1471,Flores,,,16.068600,120.688301
1092,Manila CPO-PO Box# 5200 to 5299,,,12.266700,122.050003
2518,Luna,,,16.972500,121.730301
3024,"Sapang Palay, San Jose del Monte City",,,14.706900,120.930000
3319,Ramon,,,16.783300,121.533302
4715,Donsol,,,12.908300,123.598099
6016,Mactan Airport,,,10.566500,123.624298
1638,Ligid,,,14.591600,121.014702
2433,San Fabian,,,15.600000,120.900002
5101,Magsaysay,,,17.310301,121.777496
9103,Sagay,,,9.105800,124.724701
4611,Santa Elena,,,14.091900,122.791100
5703,Valderrama,,,11.405000,122.082199
7021,Midsalip,,,8.000000,123.266701
0550,Febias College of Bible,,,14.687900,120.995102
6126,Calatrava,,,12.620600,122.071404
6332,Inabanga,,,10.031100,124.066101
8112,Santo Tomas,,,7.440500,125.887901
2507,Damortis,,,16.242201,120.408897
6604,Bontoc,,,10.912000,124.431801
4207,San Nicolas,,,18.172501,120.595802
4603,Vinzons,,,14.178100,122.907204
4105,Noveleta,,,14.431900,120.880302
6207,Mabinay,,,9.727200,122.901703
8508,La Paz,,,8.341900,125.887901
8605,Cabadbaran City,,,10.446600,124.662003
8700,Malaybalay City,,,8.549700,124.830803
1233,Bangkal,,,9.983300,123.199997
3002,Hagonoy,,,14.832500,120.733299
4428,Garchitorena,,,13.879700,123.696701
5507,Looc,,,14.159700,120.656403
5708,Culasi,,,11.424400,122.056396
8401,San Francisco,,,9.690000,125.122398
0830,National Irrigation Administration,,,14.638500,121.042801
6519,Barugo,,,11.324200,124.738297
6550,Cabucgayan,,,11.471900,124.574997
6613,San Francisco,,,10.257600,124.918999
7204,Jimenez,,,8.334700,123.840599
8501,San Francisco,,,8.341900,125.887901
1970,Baras,,,14.521700,121.266701
2102,Orion,,,14.620600,120.581703
2813,Luba,,,17.133301,120.433296
1715,San Antonio Valley 1,,,14.499800,121.042198
3011,San Miguel,,,14.864600,120.942398
1258,Makati CPO-PO Box# 1800 to 1899,,,14.253000,121.637398
2909,Nueva Era,,,17.918100,120.663597
3528,Tuao,,,16.588301,121.257797
7031,San Pablo,,,7.911600,123.384903
3703,Kasibu,,,16.316700,121.283302
0950,Manila Midtown Hotel,,,13.294700,123.793297
1035,Santa Mesa P.O. Box,,,14.049400,121.510101
2921,Dumalneg,,,18.500000,120.816704
3316,Aurora,,,16.991899,121.637199
4400,Naga City,,,13.619200,123.181396
7038,Malangas,,,7.630300,123.031700
1744,Manuyo,,,14.896100,121.476097
2730,Magsingal,,,17.684999,120.424400
6046,Minglanilla,,,10.245800,123.782204
9706,Masui,,,7.845000,124.311996
3710,Villa Verde (Ibung),,,16.129601,121.168297
3904,Sabtang,,,20.332500,121.872498
8609,Kitcharao,,,9.455000,125.573097
9318,Balindong,,,7.916700,124.200302
9713,Ramain-Ditsaan,,,7.970800,124.345299
1076,Manila CPO-PO Box# 3600 to 3699,,,14.049400,121.510101
1161,Quezon City CPO - P.O. Box Nos. 2100 to 2199,,,14.681100,121.121597
1776,Poblacion,,,14.543200,121.069099
1930,Angono,,,14.525600,121.149696
6523,Hindang,,,10.434200,124.729202
1556,Greenhills South,,,14.586500,121.037102
1718,BF Homes 2,,,14.499800,121.042198
1809,Parang,,,7.371100,124.267197
2006,Floridablanca,,,14.976700,120.527496
6014,Mandaue City,,,10.323600,123.922203
9805,Isulan,,,6.629400,124.605003
1742,Pulang Lupa and Zapote,,,14.896100,121.476097
2516,Santol,,,15.162200,120.567497
4002,Nagcarlan,,,14.136700,121.416100
9607,Datu Piang,,,7.028300,124.502502
1679,Pasig Ortigas CTR-PO Box# 3900 to 3999,,,14.593400,121.028099
6806,Can-avid,,,11.995300,125.447197
7507,Turtle Island (Taganak),,,5.255000,119.848801
8706,Libona,,,8.340300,124.732803
9405,President Roxas,,,7.154400,125.055801
6039,Pinamungahan,,,10.266400,123.585800
8702,Impasugong,,,8.309700,125.001900
1052,Manila CPO-PO Box# 1200 to 1299,,,14.049400,121.510101
1207,Carmona and Olympia,,,14.459500,121.157501
3806,Pinukpuk,,,17.572201,121.363297
4000,San Pablo City,,,14.066900,121.325798
4008,Pagsanjan,,,14.272800,121.454201
5612,Tangalan,,,11.776100,122.260002
9022,Initao,,,8.498300,124.305603
9513,T'Boli,,,6.200000,124.833298
1090,Manila CPO-PO Box# 5000 to 5099,,,12.266700,122.050003
2421,Malasiqui,,,15.920600,120.415001
3329,San Pablo,,,14.066900,121.325798
3333,Maconacon,,,17.433300,122.233299
4116,Carmona,,,14.311900,121.054398
5815,Panitan,,,11.468600,122.768600
5600,Kalibo,,,6.350600,124.818901
0800,Social Security System,,,14.640200,121.047401
1051,Manila CPO-PO Box# 1100 to 1199,,,14.049400,121.510101
1669,Pasig Ortigas CTR-PO Box# 2900 to 2999,,,14.593400,121.028099
1716,Maywood Village II,,,14.499800,121.042198
1780,Ayala Alabang Subdivision,,,14.896100,121.476097
5515,Banton (Jones),,,12.949200,122.097504
2504,Agoo,,,16.083300,120.099998
4418,Pili,,,11.113900,123.016098
6510,Abuyog,,,10.735300,125.021400
7003,Titay,,,7.812500,122.534401
8303,Bayabas,,,8.928800,125.921898
2438,San Manuel,,,17.022499,121.635300
2800,Bangued,,,17.597799,120.616402
3312,Cordon,,,16.666100,121.451103
5802,Pontevedra,,,10.371700,122.867500
6022,Dalaguete,,,9.761700,123.535599
6414,Silvino Lobos,,,12.300000,124.833298
0914,Philippine Refining Company,,,13.294700,123.793297
2506,Rosario,,,13.630000,121.219704
6417,Mondragon,,,12.514400,124.755302
9217,Baloi,,,8.116400,124.225304
9802,Mariano Marcos,,,6.733300,124.666702
1555,Wack Wack,,,14.597100,121.046097
2715,Suyo,,,16.979700,120.526703
7214,Tangub City,,,8.060000,123.750000
1093,Manila CPO-PO Box# 5300 to 5399,,,12.266700,122.050003
1204,"La Paz, Singkamas, and Tejeros",,,14.459500,121.157501
6339,Dauis,,,9.625300,123.865799
8422,Santa Monica,,,10.020000,126.038300
4411,Del Gallego,,,13.921700,122.596100
2442,Balungao,,,16.389700,121.077499
6518,San Miguel,,,9.988100,124.338898
7042,Guipos,,,7.733900,123.323097
9212,Salvador,,,11.002800,122.835297
1016,Santa Mesa,,,14.504800,121.421097
1697,Pasig Ortigas CTR-PO Box# 5700 to 5799,,,14.593400,121.028099
6811,Giporlos,,,11.120000,125.449402
8010,Malalag,,,6.595800,125.399200
2203,Cabangan,,,15.159400,120.056396
4223,Mataas na Kahoy,,,15.609400,121.018898
4304,Agdangan,,,13.495800,123.325302
1110,St. Ignatius,,,14.840500,121.056801
1375,Domestic Airport P.O. - P.O. Box Nos. 1000 to 1099,,,13.950800,121.157898
2405,Anda,,,16.288900,119.951401
6000,Cebu City,,,10.311100,123.891701
6329,Tubigon,,,13.616700,122.533302
8200,Mati,,,6.952800,126.215797
1632,ususan,,,14.533900,121.073898
4334,Perez,,,14.195000,121.923103
4419,Ocampo,,,13.561400,123.376099
5807,Mambusao,,,11.428900,122.595299
6301,Baclayon,,,6.584200,125.369400
1010,San Nicolas,,,18.172501,120.595802
1699,Pasig Ortigas CTR-PO Box# 5900 to 5999,,,14.593400,121.028099
1774,Susana Heights,,,14.441800,121.051003
2566,Alcoy,,,16.204300,120.574097
5611,Makato,,,11.716700,122.283302
6300,Tagbilaran City,,,9.647500,123.855598
8611,Remedios T. Romualdez,,,8.731700,125.599197
8715,Quezon,,,7.685700,124.943901
1553,National Center for Mental Health,,,14.586500,121.037102
7209,Plaridel,,,14.887200,120.857201
1479,Muzon,,,14.801100,121.034401
2904,Badoc,,,17.927799,120.474701
6210,Ayungon,,,9.860300,123.147499
1267,Makati CPO-PO Box# 2700 to 2799,,,14.253000,121.637398
2727,Bantay,,,17.584700,120.389198
3309,Echague,,,16.702499,121.648300
1448,Mapulang Lupa,,,14.883300,120.966698
5803,President Roxas,,,7.154400,125.055801
4405,Calabanga,,,13.708300,123.220596
4903,Torrijos,,,13.320300,122.087196
5102,Calintaan,,,12.566700,120.933296
5403,Dimasalang,,,12.191100,123.859200
5416,San Fernando,,,15.030300,120.685600
8304,Cagwait,,,8.928800,125.921898
6120,Manapla,,,10.957500,123.125000
1004,Malate,,,14.566700,120.983299
1254,Makati CPO-PO Box# 1400 to 1499,,,14.253000,121.637398
1300,Pasay City Central Post Office,,,13.950800,121.157898
2409,Mabini,,,16.070601,119.934998
3205,Dilasag,,,16.397499,122.213097
5302,Aborlan,,,9.433100,118.556396
1062,Manila CPO-PO Box# 2200 to 2299,,,14.049400,121.510101
5715,Hamtic,,,10.702200,121.971703
9400,Kidapawan City,,,7.030800,124.927902
9811,Sen. Ninoy Aquino,,,6.591300,124.572899
1138,Murphy District P.O. Boxes,,,14.681100,121.121597
3809,Kabugao,,,18.021700,121.184196
4030,Los Baños,,,14.178900,121.225601
7304,Tipo-Tipo,,,6.581400,122.179398
0923,Don Stewart Evangelistic Association,,,13.294700,123.793297
1283,Makati CPO-PO Box# 4300 to 4399,,,14.253000,121.637398
2519,Bangar,,,16.898100,120.423103
5318,Cuyo,,,10.852500,121.008598
1007,Paco,,,13.970300,122.639999
1119,Matandang Balara,,,14.665500,121.086304
3121,San Jose City,,,15.748300,121.079498
5045,Jordan,,,10.655800,122.592201
9307,Lumbatan,,,7.463100,124.758904
1059,Manila CPO-PO Box# 1900 to 1999,,,14.049400,121.510101
2111,Hermosa,,,14.831700,120.506401
2607,Buguias,,,16.722500,120.827797
3000,Malolos City,,,14.905400,120.825600
8703,Manolo Fortich,,,8.369700,124.864403
8710,Musuan,,,7.685700,124.943901
4018,Pangil,,,14.403100,121.466103
4226,San Juan,,,17.742201,120.458298
2500,San Fernando City,,,15.718500,120.547600
5024,San Joaquin,,,15.094400,120.767799
6416,Rosario,,,13.630000,121.219704
7213,Concepcion,,,9.505800,123.139702
8423,San Benito,,,9.957800,126.006897
3700,Bayombong,,,16.482800,121.152496
4220,Talisay,,,10.244700,123.849403
1165,Quezon City CPO - P.O. Box Nos. 2500 to 2599,,,14.681100,121.121597
1812,819: Not used,,,14.648700,121.121696
2005,Lubao,,,14.935300,120.601097
3514,Santa Ana,,,15.094400,120.767799
6528,Tunga,,,11.245600,124.751701
1751,T.S. Cruz Subdivision,,,14.483300,120.983299
5212,Roxas,,,11.585300,122.751099
6219,Siaton,,,9.063600,123.033897
1177,Quezon City CPO - P.O. Box Nos. 3700 to 3799,,,14.681100,121.121597
1298,Makati CPO-PO Box# 5800 to 5899,,,14.253000,121.637398
1410,Maypajo,,,14.633300,120.966698
2824,Lagayan,,,17.720301,120.707802
7112,Sindangan (Leon B. Postigo),,,8.397900,122.834702
9804,Pres. Quirino,,,6.591300,124.572899
1445,Balangkas - Caloong,,,14.700000,120.949997
4108,Tanza,,,14.675300,120.938904
4404,Bombon,,,13.682200,123.201401
1011,Pandacan,,,10.953100,123.131699
1402,Santa Quiteria,,,14.683300,121.000000
1687,Pasig Ortigas CTR-PO Box# 4700 to 4799,,,14.593400,121.028099
2908,Banna,,,17.981899,120.654404
9008,Binuangan,,,8.266300,122.968498
1748,Manila Doctors Village,,,14.896100,121.476097
2213,Santa Cruz,,,14.278600,121.415604
4005,Majayjay,,,14.145600,121.470299
6113,Sipalay City,,,10.371600,122.990196
6535,San Isidro,,,15.050000,120.750000
6538,Palompon,,,11.046900,124.386703
2722,San Emilio,,,17.226101,120.611702
2817,Bucloc,,,17.443100,120.858299
3521,Santa Praxedes,,,18.566700,121.000000
4423,San Jose,,,11.180800,122.912498
5509,Alcantara,,,12.266700,122.050003
6132,Moises Padilla,,,10.270300,123.078102
1666,Pasig Ortigas CTR-PO Box# 2600 to 2699,,,14.593400,121.028099
2416,Bugallon,,,15.973600,120.215797
4322,Sariaya,,,13.964400,121.529999
4325,Tiaong,,,13.953600,121.316101
5047,San Lorenzo,,,10.683700,123.009300
2611,Kibungan,,,16.696899,120.659401
7402,Panamao,,,5.981100,121.214699
7027,Josefina,,,8.200000,123.533302
8707,Baungon,,,8.367500,124.684998
1688,Pasig Ortigas CTR-PO Box# 4800 to 4899,,,14.593400,121.028099
2702,Caoayan,,,17.561899,120.397499
4203,Tingloy,,,13.656900,120.871696
4606,Jose Panganiban,,,14.296700,122.693901
5034,Janiuay,,,10.950000,122.506401
6501,Palo,,,11.157500,124.990799
5018,Balasan,,,11.469400,123.088600
8426,Tubajon,,,10.331700,125.561897
3019,Marilao,,,14.757800,120.948303
6052,Bantayan,,,11.168300,123.719200
4103,Imus,,,14.429700,120.936699
5030,Maasin,,,10.133600,124.844704
6227,San Juan,,,9.526000,123.491302
6503,Tolosa,,,7.032200,122.161400
7117,Labason,,,8.069200,122.521698
8506,Bunawan,,,8.167200,125.990799
1113,Doña Josefa,,,14.619300,121.006500
1695,Pasig Ortigas CTR-PO Box# 5500 to 5599,,,14.593400,121.028099
2920,Bangui,,,18.539200,120.764702
0903,Manila Hilton,,,13.294700,123.793297
1256,Makati CPO-PO Box# 1600 to 1699,,,14.253000,121.637398
4014,Lumban,,,14.298100,121.459702
6117,Silay Hawaiian Central,,,10.371600,122.990196
9614,Barira,,,7.487200,124.299202
1065,Manila CPO-PO Box# 2500 to 2599,,,14.049400,121.510101
3128,Bongabon,,,15.631100,121.144203
4324,San Antonio,,,12.695800,124.130798
1274,Makati CPO-PO Box# 3400 to 3499,,,14.253000,121.637398
3707,Dupax del Sur,,,16.283300,121.099998
9401,Makilala,,,6.951700,125.096901
1159,Quezon City CPO - P.O. Box Nos. 1900 to 1999,,,14.681100,121.121597
1272,Makati CPO-PO Box# 3200 to 3299,,,14.253000,121.637398
4320,Buenavista,,,14.503200,121.758797
9313,Pualas,,,8.017200,123.848099
7015,Dumalinao,,,7.817500,123.370003
2916,Bacarra,,,18.253300,120.613602
2919,Pagudpud,,,18.558300,120.784698
3311,Santiago City,,,15.907100,121.239502
6533,Leyte,,,11.370300,124.488899
7411,Lugus,,,5.703600,120.820297
1413,Kapitbayahan,,,14.633300,120.966698
2807,Langiden,,,17.583300,120.566704
7016,Pagadian City,,,7.825700,123.436996
1106,Apolonio Samson,,,14.648300,121.007797
2605,Bokod,,,16.495600,120.831902
2711,Salcedo,,,16.331301,120.632004
6812,Balangiga,,,11.109700,125.387497
8712,Don Carlos,,,7.680000,125.004997
0410,Radio Bible Class,,,14.601400,121.036499
1381,Domestic Airport P.O. - P.O. Box Nos. 1600 to 1699,,,13.950800,121.157898
2200,Olongapo City,,,14.829200,120.282799
7005,Kumalarang,,,7.747500,123.145798
1681,Pasig Ortigas CTR-PO Box# 4100 to 4199,,,14.593400,121.028099
6800,Borongan,,,11.608100,125.431900
8104,New Corella,,,7.589200,125.827202
2001,Bacolor,,,15.001400,120.653900
3330,Santa Maria,,,17.025101,122.195801
7201,Clarin,,,9.961900,124.023598
6810,Quinapondan,,,11.158300,125.521896
7020,Aurora,,,8.328900,123.559502
1006,Binondo,,,14.600000,120.966698
2624,Natonin,,,17.100000,121.283302
4204,San Pascual,,,16.340300,120.421097
4500,Legazpi City,,,13.137200,123.734398
5303,Narra (Panacan),,,9.113200,118.127098
6407,San Antonio,,,12.695800,124.130798
4435,Bato,,,13.355600,123.363602
6224,Valle Hermoso,,,9.787200,124.226402
6327,Loon,,,9.801100,123.792198
6610,Anahawan,,,10.350000,124.866699
3602,Mayoyao,,,16.970800,121.222504
3701,Ambaguio,,,17.121401,120.845299
5702,Patnongon,,,10.917800,121.982498
6702,Motiong,,,11.780000,124.999702
9509,Sto. Niño,,,6.321100,125.057098
9714,Buadiposo Buntong,,,7.966700,124.383301
0970,Department of Justice,,,13.294700,123.793297
3022,Santa Maria,,,14.706900,120.930000
4415,San Fernando,,,15.030300,120.685600
5004,Zarraga,,,10.819700,122.608101
6025,Oslob,,,9.524700,123.429703
9209,Tubod,,,9.778100,123.108299
2429,Mapandan,,,16.024700,120.453903
5319,Magsaysay,,,11.698100,120.142700
5710,Libertad,,,8.944200,125.501900
8709,Valencia City,,,8.549700,124.830803
2402,Labrador,,,16.033899,120.139198
4006,"Botocan, Magdalena",,,14.566200,121.225700
4604,Labo,,,14.160800,122.828598
6028,Ginatilan,,,9.564200,123.318100
7119,La Libertad,,,10.026900,123.233101
9308,Macadar Andong,,,7.658800,124.257103
1422,Novaliches North,,,14.594500,121.066704
2013,Candaba,,,15.093300,120.828300
5503,Calatrava,,,12.620600,122.071404
6216,Bacong,,,9.936900,123.945000
6309,Duero,,,9.710300,124.403900
1124,Kaligayahan,,,14.733500,121.044403
1163,Quezon City CPO - P.O. Box Nos. 2300 to 2399,,,14.681100,121.121597
3017,Bulacan,,,14.792800,120.878899
9416,Banisilan,,,7.490800,124.724197
4312,Mulanay,,,13.522200,122.404198
6011,San Remigio,,,10.833300,122.099998
8300,Tandag,,,9.078300,126.198601
1060,Manila CPO-PO Box# 2000 to 2099,,,14.049400,121.510101
8419,Gen. Luna,,,9.544300,125.811897
1720,BF Homes 1,,,14.896100,121.476097
6123,Paraiso (Fabrica),,,10.493300,122.983398
1128,Vasra,,,14.659000,121.044296
2604,Itogon,,,16.363899,120.676903
3526,Rizal,,,15.708600,121.103302
7024,Ramon Magsaysay,,,8.001900,123.509399
2113,Samal,,,14.807700,120.510902
6547,Culaba,,,11.657800,124.542503
6815,Sulat,,,11.810300,125.454399
9011,Balinguan,,,9.050300,124.732498
9216,Nunungan,,,7.823600,123.964996
9710,Piagapo,,,8.000000,124.199997
3505,Amulung,,,17.838100,121.725601
4215,Calatagan,,,13.830600,120.635002
6229,Maria,,,9.198600,123.653900
6305,Dimiao,,,9.616700,124.166702
5036,San Enrique,,,10.416700,122.849998
5402,Uson,,,12.227800,123.783302
1706,Pulo,,,14.962800,121.013298
2719,Sigay,,,17.083300,120.599998
7006,Siay,,,7.696100,122.863098
1157,Quezon City CPO - P.O. Box Nos. 1700 to 1799,,,14.681100,121.121597
2809,San Isidro,,,15.050000,120.750000
5031,Cabatuan,,,11.298500,122.637802
6513,Santa Fe,,,12.156100,121.995598
6713,Hinabangan,,,11.699200,125.067497
4501,Daraga (Locsin),,,13.162500,123.693604
1444,Pasolo,,,14.694400,120.951897
1677,Pasig Ortigas CTR-PO Box# 3700 to 3799,,,14.593400,121.028099
1701,Tambo,,,13.465800,123.495003
2718,Cervantes,,,16.991699,120.734398
1081,Manila CPO-PO Box# 4100 to 4199,,,14.049400,121.510101
1156,Quezon City CPO - P.O. Box Nos. 1600 to 1699,,,14.681100,121.121597
3008,San Rafael,,,14.866900,120.538101
4330,Mauban,,,14.191100,121.731102
5016,Batad,,,10.985600,123.933601
6415,San Roque,,,14.902800,120.528603
2306,Camiling,,,15.687800,120.413101
3300,Ilagan,,,17.148100,121.890800
0850,Philippine Heart Center,,,14.644100,121.048401
6116,Silay City,,,10.798900,122.973900
6524,Hilongos,,,10.374400,124.749702
9202,Kauswagan,,,8.189200,124.089401
9300,Malabang,,,7.590300,124.070297
9716,Wao,,,7.683300,124.666702
3510,Camalaniugan,,,18.274401,121.673599
3804,Tinglayan,,,17.276100,121.162498
4112,Maragondon,,,14.273300,120.738297
6514,Pastrana,,,11.136700,124.885597
8509,Veruela,,,8.072500,125.954697
9606,Kabuntalan/Northern Kabuntalan,,,7.064600,124.326599
5810,Dao,,,11.394400,122.685799
1150,Quezon City CPO - P.O. Box Nos. 1000 to 1099,,,14.681100,121.121597
1350,Pasay City CPO - P.O. Box Nos. 1000 to 1099,,,13.950800,121.157898
1421,Bagumbong/Pag-asa,,,14.594500,121.066704
2334,Moncada,,,15.736700,120.574402
2725,Nagbukel,,,17.445000,120.528297
5716,Tobias Fornier (Dao),,,10.509200,121.947197
1127,Holy Spirit,,,14.697000,121.056999
4221,Laurel,,,14.054400,120.942497
4900,Boac,,,13.449200,121.837196
5508,Santa Fe,,,12.156100,121.995598
1214,Cembo,,,14.564600,121.048798
1674,Pasig Ortigas CTR-PO Box# 3400 to 3499,,,14.593400,121.028099
5412,Balud,,,12.038600,123.194397
0915,International Correspondence Institute,,,13.294700,123.793297
2814,Tubo,,,17.033899,121.794403
4429,Caramoan,,,13.773100,123.864700
6310,Guindulman,,,9.762800,124.484398
7122,Sibuco,,,7.291100,122.065598
1279,Makati CPO-PO Box# 3900 to 3999,,,14.253000,121.637398
2404,Alaminos,,,16.156099,119.981102
4110,Naic,,,14.320300,120.767502
6617,San Ricardo,,,10.257600,124.918999
8705,Phillips,,,8.326700,124.811401
9508,Norala,,,6.522500,124.659203
6512,Mahaplag,,,10.586400,124.973099
8512,Santa Josefa,,,7.991100,126.029999
1660,Pasig Ortigas CTR-PO Box# 2000 to 2099,,,14.593400,121.028099
2008,Porac,,,15.072200,120.542198
2314,La Paz,,,15.442500,120.728600
4010,Pila,,,14.233100,121.363899
4338,General Nakar,,,14.763100,121.635002
6034,Ronda,,,10.001400,123.408302
6817,Dolores,,,11.600800,125.355400
9505,Tupi,,,6.334400,124.952797
7030,Dinas,,,7.614700,123.338303
7113,Siayan,,,8.266700,123.099998
1089,Manila CPO-PO Box# 4900 to 4999,,,14.049400,121.510101
2912,Piddig,,,18.158899,120.726700
4303,Padre Burgos,,,13.920300,121.814400
4409,Lupi,,,13.791100,122.916901
4703,Juban,,,12.847800,123.987801
6267,Dumaguete City,,,9.310300,123.308098
8713,Kadingilan,,,7.601100,124.908600
2818,Sallapadan,,,16.359800,121.071800
4202,Mabini,,,16.070601,119.934998
7210,Calamba,,,14.211700,121.165298
9000,Cagayan de Oro City,,,8.482200,124.647202
1225,Urdaneta Village,,,14.253000,121.637398
4328,Lucban,,,18.333300,121.433296
5007,Barotoc Nuevo,,,10.735600,122.924797
4228,Taysan,,,13.865800,121.073898
5806,Sapian,,,11.493100,122.603302
1063,Manila CPO-PO Box# 2300 to 2399,,,14.049400,121.510101
1206,Kasilawan,,,14.572800,121.014702
1353,Pasay City CPO - P.O. Box Nos. 1300 to 1399,,,13.950800,121.157898
1714,Ireneville Subdivision II,,,14.499800,121.042198
2441,Rosales,,,15.894400,120.632797
3124,Pantabangan,,,15.811400,121.143600
1171,Quezon City CPO - P.O. Box Nos. 3100 to 3199,,,14.681100,121.121597
2700,Vigan City,,,17.272301,120.608902
5714,San Remigio,,,10.833300,122.099998
6347,Sevilla,,,16.583300,120.333298
0801,Camp Crame,,,14.609400,121.053299
0928,Philippine Campus Crusade,,,13.294700,123.793297
4507,Libon,,,13.300600,123.438301
8604,Magallanes,,,12.829200,123.836403
1073,Manila CPO-PO Box# 3300 to 3399,,,14.049400,121.510101
1604,Ugong,,,14.581800,121.075996
2440,Santa Maria,,,16.593300,120.732903
2602,Philippine Military Academy,,,16.563101,120.734200
4714,Pilar,,,14.660000,120.565300
6511,Javier,,,10.795800,124.935600
2612,Atok,,,16.582199,120.698601
5026,Leon,,,10.781900,122.388298
1257,Makati CPO-PO Box# 1700 to 1799,,,14.253000,121.637398
1443,Dalandanan - West Canumay,,,14.363700,121.241402
9319,Calanogas,,,7.750000,124.099998
6509,Macarthur,,,10.834700,124.995300
8610,Las Nieves,,,8.731700,125.599197
0911,National Statistics Office,,,13.294700,123.793297
2104,Lamao,,,12.547200,122.317497
2515,Bacnotan,,,16.722200,120.352501
2918,Burgos,,,15.733300,120.583298
2016,Apalit,,,14.953300,120.769997
5201,Baco,,,13.359700,121.097801
5206,Pola,,,13.143900,121.440002
6818,Oras,,,12.134200,125.437500
8313,Cortez,,,11.536900,122.398300
8719,Dangcagan,,,7.609200,125.004204
9005,Balingasag,,,8.744200,124.776901
1118,Fairview,,,14.703600,121.069000
3301,Gamu,,,17.050800,121.832802
1285,Makati CPO-PO Box# 4500 to 4599,,,14.253000,121.637398
9203,Matungao,,,8.620000,123.658302
1226,Ayala Avenue-Paseo de Roxas,,,14.253000,121.637398
1804,J. De La Peña,,,12.565000,122.027496
2206,San Antonio,,,12.695800,124.130798
3811,Santa Marcela,,,18.283300,121.433296
3107,Cabiao,,,15.251400,120.857201
3808,Liwan (Rizal),,,17.520599,121.632500
8301,San Miguel,,,9.988100,124.338898
1094,Manila CPO-PO Box# 5400 to 5499,,,12.266700,122.050003
2420,San Carlos City,,,15.923900,120.684097
4417,Pasacao,,,13.514400,123.043297
0921,Philippine Plaza Hotel,,,13.294700,123.793297
5602,Libacao,,,11.481900,122.303902
6346,Pres. Carlos P. Garcia,,,11.517000,123.288696
2313,Victoria,,,14.226900,121.327499
5105,Santa Cruz,,,14.278600,121.415604
